V1,V2
P01,P04
P01,P06
P01,P08
P01,P09
P01,P10
P01,P13
P01,P14
P01,P17
P01,P18
P01,P19
P01,P22
P01,P25
P01,P26
P01,P27
P01,P28
P01,P32
P01,P33
P02,P03
P02,P05
P02,P07
P02,P08
P02,P10
P02,P11
P02,P15
P02,P24
P02,P29
P02,P33
P03,P05
P03,P07
P03,P08
P03,P10
P03,P11
P03,P15
P03,P18
P03,P24
P03,P29
P03,P33
P04,P09
P04,P10
P04,P13
P04,P14
P04,P17
P04,P18
P04,P19
P04,P22
P04,P27
P04,P28
P04,P32
P04,P33
P05,P08
P05,P11
P05,P15
P05,P24
P05,P26
P05,P29
P05,P33
P06,P08
P06,P09
P06,P10
P06,P13
P06,P14
P06,P17
P06,P18
P06,P19
P06,P22
P06,P27
P06,P28
P06,P29
P06,P31
P06,P32
P06,P33
P07,P08
P07,P10
P07,P28
P08,P09
P08,P10
P08,P11
P08,P13
P08,P14
P08,P15
P08,P17
P08,P18
P08,P19
P08,P22
P08,P25
P08,P26
P08,P27
P08,P28
P08,P29
P08,P32
P08,P33
P09,P10
P09,P13
P09,P14
P09,P17
P09,P18
P09,P19
P09,P22
P09,P26
P09,P27
P09,P28
P09,P31
P09,P32
P09,P33
P10,P11
P10,P13
P10,P14
P10,P15
P10,P16
P10,P17
P10,P18
P10,P19
P10,P22
P10,P25
P10,P26
P10,P27
P10,P28
P10,P29
P10,P31
P10,P32
P10,P33
P11,P14
P11,P15
P11,P18
P11,P24
P11,P26
P12,P16
P12,P20
P12,P21
P12,P23
P12,P25
P12,P30
P13,P14
P13,P17
P13,P18
P13,P19
P13,P22
P13,P27
P13,P28
P13,P32
P13,P33
P14,P16
P14,P17
P14,P22
P14,P27
P14,P34
P15,P24
P15,P26
P16,P17
P16,P20
P16,P21
P16,P23
P16,P25
P16,P30
P17,P18
P17,P19
P17,P22
P17,P27
P17,P28
P17,P32
P17,P34
P18,P19
P18,P22
P18,P27
P18,P28
P18,P29
P18,P31
P18,P32
P18,P33
P19,P22
P19,P27
P19,P33
P20,P21
P20,P23
P20,P25
P20,P28
P20,P30
P21,P23
P21,P25
P21,P28
P21,P30
P22,P26
P22,P27
P22,P28
P22,P32
P22,P33
P22,P34
P23,P25
P23,P30
P24,P26
P24,P29
P25,P26
P25,P28
P25,P30
P26,P28
P26,P31
P26,P32
P27,P28
P27,P29
P27,P32
P27,P33
P28,P29
P28,P31
P28,P32
P28,P33
P29,P30
P29,P32
P29,P33
P31,P32
P31,P33
P32,P33
