"extraction date","study unit","collection","ISSN SciELO","ISSN's","title at SciELO","title thematic areas","title is agricultural sciences","title is applied social sciences","title is biological sciences","title is engineering","title is exact and earth sciences","title is health sciences","title is human sciences","title is linguistics, letters and arts","title is multidisciplinary","title current status","status change date","status change year","status change month","status change day","status changed to","status change reason"
"2018-02-10","journal","scl","1676-5648","1676-5648","RAE eletrônica","Applied Social Sciences","0","1","0","0","0","0","0","0","0","deceased","2006-02-08","2006","02","08","current",""
"2018-02-10","journal","scl","1676-5648","1676-5648","RAE eletrônica","Applied Social Sciences","0","1","0","0","0","0","0","0","0","deceased","2010-12","2010","12","","deceased",""
"2018-02-10","journal","scl","0101-8108","0101-8108","Revista de Psiquiatria do Rio Grande do Sul","Health Sciences","0","0","0","0","0","1","0","0","0","deceased","2004-01-08","2004","01","08","current",""
"2018-02-10","journal","scl","0101-8108","0101-8108","Revista de Psiquiatria do Rio Grande do Sul","Health Sciences","0","0","0","0","0","1","0","0","0","deceased","2012-01","2012","01","","deceased",""
"2018-02-10","journal","scl","0034-7701","0034-7701","Revista de Antropologia","Human Sciences","0","0","0","0","0","0","1","0","0","suspended","2000-02-13","2000","02","13","current",""
"2018-02-10","journal","scl","0034-7701","0034-7701","Revista de Antropologia","Human Sciences","0","0","0","0","0","0","1","0","0","suspended","2008-08","2008","08","","suspended","suspended-by-committee"
"2018-02-10","journal","scl","0102-261X","0102-261X","Revista Brasileira de Geofísica","Exact and Earth Sciences","0","0","0","0","1","0","0","0","0","suspended","1999-12-16","1999","12","16","current",""
"2018-02-10","journal","scl","0102-261X","0102-261X","Revista Brasileira de Geofísica","Exact and Earth Sciences","0","0","0","0","1","0","0","0","0","suspended","2003","2003","","","suspended","suspended-by-committee"
"2018-02-10","journal","scl","0102-261X","0102-261X","Revista Brasileira de Geofísica","Exact and Earth Sciences","0","0","0","0","1","0","0","0","0","suspended","2008","2008","","","current",""
"2018-02-10","journal","scl","0102-261X","0102-261X","Revista Brasileira de Geofísica","Exact and Earth Sciences","0","0","0","0","1","0","0","0","0","suspended","2012-06","2012","06","","suspended","suspended-by-committee"
"2018-02-10","journal","scl","1516-9332","1516-9332","Revista Brasileira de Ciências Farmacêuticas","Health Sciences","0","0","0","0","0","1","0","0","0","deceased","2005-11-23","2005","11","23","current",""
"2018-02-10","journal","scl","1516-9332","1516-9332","Revista Brasileira de Ciências Farmacêuticas","Health Sciences","0","0","0","0","0","1","0","0","0","deceased","2009-09-15","2009","09","15","deceased",""
"2018-02-10","journal","scl","0104-5687","0104-5687","Pró-Fono Revista de Atualização Científica","Health Sciences","0","0","0","0","0","1","0","0","0","deceased","2006-03-07","2006","03","07","current",""
"2018-02-10","journal","scl","0104-5687","0104-5687","Pró-Fono Revista de Atualização Científica","Health Sciences","0","0","0","0","0","1","0","0","0","deceased","2011-05","2011","05","","deceased",""
"2018-02-10","journal","scl","0103-1759","0103-1759","Sba: Controle & Automação Sociedade Brasileira de Automatica","Exact and Earth Sciences","0","0","0","0","1","0","0","0","0","suspended","2002-10-25","2002","10","25","current",""
"2018-02-10","journal","scl","0103-1759","0103-1759","Sba: Controle & Automação Sociedade Brasileira de Automatica","Exact and Earth Sciences","0","0","0","0","1","0","0","0","0","suspended","2012-12","2012","12","","suspended","suspended-by-committee"
"2018-02-10","journal","scl","0101-8175","0101-8175","Revista Brasileira de Zoologia","Biological Sciences","0","0","1","0","0","0","0","0","0","deceased","2003-08-05","2003","08","05","current",""
"2018-02-10","journal","scl","0101-8175","0101-8175","Revista Brasileira de Zoologia","Biological Sciences","0","0","1","0","0","0","0","0","0","deceased","2009-05-05","2009","05","05","deceased",""
"2018-02-10","journal","scl","0101-3122","0101-3122","Revista Brasileira de Sementes","Agricultural Sciences","1","0","0","0","0","0","0","0","0","deceased","2004-06-23","2004","06","23","current",""
"2018-02-10","journal","scl","0101-3122","0101-3122","Revista Brasileira de Sementes","Agricultural Sciences","1","0","0","0","0","0","0","0","0","deceased","2012-12","2012","12","","deceased",""
"2018-02-10","journal","scl","2179-6491","2179-6491","Jornal da Sociedade Brasileira de Fonoaudiologia","Health Sciences","0","0","0","0","0","1","0","0","0","deceased","2011-05","2011","05","","current",""
"2018-02-10","journal","scl","2179-6491","2179-6491","Jornal da Sociedade Brasileira de Fonoaudiologia","Health Sciences","0","0","0","0","0","1","0","0","0","deceased","2013-04","2013","04","","deceased",""
"2018-02-10","journal","scl","1980-6523","1980-6523","Revista Odonto Ciência","Health Sciences","0","0","0","0","0","1","0","0","0","suspended","2011-09","2011","09","","current",""
"2018-02-10","journal","scl","1980-6523","1980-6523","Revista Odonto Ciência","Health Sciences","0","0","0","0","0","1","0","0","0","suspended","2013-10","2013","10","","suspended","suspended-by-committee"
"2018-02-10","journal","scl","0373-5524","0373-5524","Boletim do Instituto Oceanográfico","Biological Sciences;Exact and Earth Sciences","0","0","1","0","1","0","0","0","0","deceased","2012","2012","","","current",""
"2018-02-10","journal","scl","0373-5524","0373-5524","Boletim do Instituto Oceanográfico","Biological Sciences;Exact and Earth Sciences","0","0","1","0","1","0","0","0","0","deceased","2012-05","2012","05","","deceased",""
"2018-02-10","journal","scl","0100-4239","0100-4239","Boletim do Instituto Paulista de Oceanografia","Biological Sciences;Exact and Earth Sciences","0","0","1","0","1","0","0","0","0","deceased","2012-05","2012","05","","current",""
"2018-02-10","journal","scl","0100-4239","0100-4239","Boletim do Instituto Paulista de Oceanografia","Biological Sciences;Exact and Earth Sciences","0","0","1","0","1","0","0","0","0","deceased","2012-06","2012","06","","deceased",""
"2018-02-10","journal","scl","0100-7386","0100-7386","Journal of the Brazilian Society of Mechanical Sciences","Engineering;Exact and Earth Sciences","0","0","0","1","1","0","0","0","0","deceased","1999","1999","","","current",""
"2018-02-10","journal","scl","0100-7386","0100-7386","Journal of the Brazilian Society of Mechanical Sciences","Engineering;Exact and Earth Sciences","0","0","0","1","1","0","0","0","0","deceased","2003","2003","","","deceased",""
"2018-02-10","journal","scl","0034-7108","0034-7108","Revista Brasileira de Biologia","Biological Sciences","0","0","1","0","0","0","0","0","0","deceased","1998","1998","","","current",""
"2018-02-10","journal","scl","0034-7108","0034-7108","Revista Brasileira de Biologia","Biological Sciences","0","0","1","0","0","0","0","0","0","deceased","2001","2001","","","deceased",""
"2018-02-10","journal","scl","0102-2555","0102-2555","Revista da Faculdade de Educação","Human Sciences","0","0","0","0","0","0","1","0","0","deceased","1997","1997","","","current",""
"2018-02-10","journal","scl","0102-2555","0102-2555","Revista da Faculdade de Educação","Human Sciences","0","0","0","0","0","0","1","0","0","deceased","1999","1999","","","deceased",""
"2018-02-10","journal","scl","0104-8023","0104-8023","Revista do Departamento de Psicologia. UFF","Human Sciences","0","0","0","0","0","0","1","0","0","deceased","2006-07-11","2006","07","11","current",""
"2018-02-10","journal","scl","0104-8023","0104-8023","Revista do Departamento de Psicologia. UFF","Human Sciences","0","0","0","0","0","0","1","0","0","deceased","2008-10-17","2008","10","17","deceased",""
"2018-02-10","journal","scl","1517-7491","1517-7491","Pesquisa Odontológica Brasileira","Health Sciences","0","0","0","0","0","1","0","0","0","deceased","2000","2000","","","current",""
"2018-02-10","journal","scl","1517-7491","1517-7491","Pesquisa Odontológica Brasileira","Health Sciences","0","0","0","0","0","1","0","0","0","deceased","2004","2004","","","deceased",""
"2018-02-10","journal","scl","0103-3131","0103-3131","Revista Brasileira de Fisiologia Vegetal","Biological Sciences","0","0","1","0","0","0","0","0","0","deceased","2000","2000","","","current",""
"2018-02-10","journal","scl","0103-3131","0103-3131","Revista Brasileira de Fisiologia Vegetal","Biological Sciences","0","0","1","0","0","0","0","0","0","deceased","2002","2002","","","deceased",""
"2018-02-10","journal","scl","0103-0663","0103-0663","Revista de Odontologia da Universidade de São Paulo","Health Sciences","0","0","0","0","0","1","0","0","0","deceased","1998","1998","","","current",""
"2018-02-10","journal","scl","0103-0663","0103-0663","Revista de Odontologia da Universidade de São Paulo","Health Sciences","0","0","0","0","0","1","0","0","0","deceased","2000","2000","","","deceased",""
"2018-02-10","journal","scl","1413-7739","1413-7739","Revista Brasileira de Oceanografia","Biological Sciences;Exact and Earth Sciences","0","0","1","0","1","0","0","0","0","deceased","2012","2012","","","current",""
"2018-02-10","journal","scl","1413-7739","1413-7739","Revista Brasileira de Oceanografia","Biological Sciences;Exact and Earth Sciences","0","0","1","0","1","0","0","0","0","deceased","2012-05","2012","05","","deceased",""
"2018-02-10","journal","scl","1983-5175","1983-5175","Revista Brasileira de Cirurgia Plástica","Health Sciences","0","0","0","0","0","1","0","0","0","suspended","2011-05","2011","05","","current",""
"2018-02-10","journal","scl","1983-5175","1983-5175","Revista Brasileira de Cirurgia Plástica","Health Sciences","0","0","0","0","0","1","0","0","0","suspended","2014-09-01","2014","09","01","suspended","suspended-by-committee"
"2018-02-10","journal","scl","1516-8034","1516-8034;1982-0232","Revista da Sociedade Brasileira de Fonoaudiologia","Health Sciences","0","0","0","0","0","1","0","0","0","deceased","2007-07-04","2007","07","04","current",""
"2018-02-10","journal","scl","1516-8034","1516-8034;1982-0232","Revista da Sociedade Brasileira de Fonoaudiologia","Health Sciences","0","0","0","0","0","1","0","0","0","deceased","2013-06","2013","06","","deceased",""
"2018-02-10","journal","scl","2175-3369","2175-3369","urbe. Revista Brasileira de Gestão Urbana","Applied Social Sciences","0","1","0","0","0","0","0","0","0","current","2013-05","2013","05","","current",""
"2018-02-10","journal","scl","0001-3714","0001-3714","Revista de Microbiologia","Agricultural Sciences;Biological Sciences","1","0","1","0","0","0","0","0","0","deceased","1998","1998","","","current",""
"2018-02-10","journal","scl","0001-3714","0001-3714","Revista de Microbiologia","Agricultural Sciences;Biological Sciences","1","0","1","0","0","0","0","0","0","deceased","2000","2000","","","deceased",""
"2018-02-10","journal","scl","1516-635X","1516-635X;1806-9061","Revista Brasileira de Ciência Avícola","Agricultural Sciences","1","0","0","0","0","0","0","0","0","current","2002-07-15","2002","07","15","current",""
"2018-02-10","journal","scl","1519-566X","1519-566X;1678-8052","Neotropical Entomology","Biological Sciences","0","0","1","0","0","0","0","0","0","suspended","2002-05-06","2002","05","06","current",""
"2018-02-10","journal","scl","1519-566X","1519-566X;1678-8052","Neotropical Entomology","Biological Sciences","0","0","1","0","0","0","0","0","0","suspended","2012-06","2012","06","","suspended","suspended-by-committee"
"2018-02-10","journal","scl","0071-1276","0071-1276;2316-8935","Anais da Escola Superior de Agricultura Luiz de Queiroz","Agricultural Sciences","1","0","0","0","0","0","0","0","0","deceased","2009-05-15","2009","05","15","current",""
"2018-02-10","journal","scl","0071-1276","0071-1276;2316-8935","Anais da Escola Superior de Agricultura Luiz de Queiroz","Agricultural Sciences","1","0","0","0","0","0","0","0","0","deceased","2009-05-19","2009","05","19","deceased",""
"2018-02-10","journal","scl","1984-7033","1518-7853;1984-7033","Crop Breeding and Applied Biotechnology","Agricultural Sciences;Biological Sciences","1","0","1","0","0","0","0","0","0","current","2011-04","2011","04","","current",""
"2018-02-10","journal","scl","0100-1965","0100-1965;1518-8353","Ciência da Informação","Applied Social Sciences","0","1","0","0","0","0","0","0","0","suspended","1998-04-30","1998","04","30","current",""
"2018-02-10","journal","scl","0100-1965","0100-1965;1518-8353","Ciência da Informação","Applied Social Sciences","0","1","0","0","0","0","0","0","0","suspended","2008-08","2008","08","","suspended","suspended-by-committee"
"2018-02-10","journal","scl","0100-1965","0100-1965;1518-8353","Ciência da Informação","Applied Social Sciences","0","1","0","0","0","0","0","0","0","suspended","2009-09","2009","09","","current",""
"2018-02-10","journal","scl","0100-1965","0100-1965;1518-8353","Ciência da Informação","Applied Social Sciences","0","1","0","0","0","0","0","0","0","suspended","2012-06","2012","06","","suspended","suspended-by-committee"
"2018-02-10","journal","scl","0102-3586","0102-3586;1678-4642","Jornal de Pneumologia","Health Sciences","0","0","0","0","0","1","0","0","0","deceased","1999","1999","","","current",""
"2018-02-10","journal","scl","0102-3586","0102-3586;1678-4642","Jornal de Pneumologia","Health Sciences","0","0","0","0","0","1","0","0","0","deceased","2004","2004","","","deceased",""
"2018-02-10","journal","scl","1806-3713","1806-3713;1806-3756","Jornal Brasileiro de Pneumologia","Health Sciences","0","0","0","0","0","1","0","0","0","current","2004-05-03","2004","05","03","current",""
"2018-02-10","journal","scl","0100-4158","0100-4158;1678-4677","Fitopatologia Brasileira","Agricultural Sciences","1","0","0","0","0","0","0","0","0","deceased","2001-08-24","2001","08","24","current",""
"2018-02-10","journal","scl","0100-4158","0100-4158;1678-4677","Fitopatologia Brasileira","Agricultural Sciences","1","0","0","0","0","0","0","0","0","deceased","2007-12","2007","12","","deceased",""
"2018-02-10","journal","scl","0328-0381","0328-0381;1980-5349","Entomología y Vectores","Biological Sciences","0","0","1","0","0","0","0","0","0","deceased","2004","2004","","","current",""
"2018-02-10","journal","scl","0328-0381","0328-0381;1980-5349","Entomología y Vectores","Biological Sciences","0","0","1","0","0","0","0","0","0","deceased","2005","2005","","","deceased",""
"2018-02-10","journal","scl","1678-5878","1678-5878;1806-3691","Journal of the Brazilian Society of Mechanical Sciences and Engineering","Engineering;Exact and Earth Sciences","0","0","0","1","1","0","0","0","0","suspended","2004-03-18","2004","03","18","current",""
"2018-02-10","journal","scl","1678-5878","1678-5878;1806-3691","Journal of the Brazilian Society of Mechanical Sciences and Engineering","Engineering;Exact and Earth Sciences","0","0","0","1","1","0","0","0","0","suspended","2012-12","2012","12","","suspended","suspended-by-committee"
"2018-02-10","journal","scl","0100-4670","0100-4670;1678-4618","Eclética Química","Exact and Earth Sciences","0","0","0","0","1","0","0","0","0","suspended","2000-04-14","2000","04","14","current",""
"2018-02-10","journal","scl","0100-4670","0100-4670;1678-4618","Eclética Química","Exact and Earth Sciences","0","0","0","0","1","0","0","0","0","suspended","2012-06","2012","06","","suspended","suspended-by-committee"
"2018-02-10","journal","scl","1413-9596","1413-9596;1678-4456","Brazilian Journal of Veterinary Research and Animal Science","Agricultural Sciences","1","0","0","0","0","0","0","0","0","suspended","1998","1998","","","current",""
"2018-02-10","journal","scl","1413-9596","1413-9596;1678-4456","Brazilian Journal of Veterinary Research and Animal Science","Agricultural Sciences","1","0","0","0","0","0","0","0","0","suspended","2005-01","2005","01","","suspended","suspended-by-committee"
"2018-02-10","journal","scl","0100-8455","0100-8455;1678-4502","Brazilian Journal of Genetics","Biological Sciences","0","0","1","0","0","0","0","0","0","deceased","1997-04","1997","04","","current",""
"2018-02-10","journal","scl","0100-8455","0100-8455;1678-4502","Brazilian Journal of Genetics","Biological Sciences","0","0","1","0","0","0","0","0","0","deceased","1997-12","1997","12","","deceased",""
"2018-02-10","journal","scl","1676-2649","1676-2649;1980-5365","Journal of Epilepsy and Clinical Neurophysiology","Health Sciences","0","0","0","0","0","1","0","0","0","suspended","2006-07-31","2006","07","31","current",""
"2018-02-10","journal","scl","1676-2649","1676-2649;1980-5365","Journal of Epilepsy and Clinical Neurophysiology","Health Sciences","0","0","0","0","0","1","0","0","0","suspended","2012-11","2012","11","","suspended","suspended-by-committee"
"2018-02-10","journal","scl","0101-546X","0101-546X;1678-4650","Estudos Afro-Asiáticos","Human Sciences","0","0","0","0","0","0","1","0","0","suspended","2000","2000","","","current",""
"2018-02-10","journal","scl","0101-546X","0101-546X;1678-4650","Estudos Afro-Asiáticos","Human Sciences","0","0","0","0","0","0","1","0","0","suspended","2004-01","2004","01","","suspended","suspended-by-committee"
"2018-02-10","journal","scl","0103-4014","0103-4014;1806-9592","Estudos Avançados","Human Sciences","0","0","0","0","0","0","1","0","0","current","2004-02-05","2004","02","05","current",""
"2018-02-10","journal","scl","0104-7930","0104-7930;1678-4936","Journal of Venomous Animals and Toxins","Agricultural Sciences;Biological Sciences","1","0","1","0","0","0","0","0","0","deceased","1998-11-26","1998","11","26","current",""
"2018-02-10","journal","scl","0104-7930","0104-7930;1678-4936","Journal of Venomous Animals and Toxins","Agricultural Sciences;Biological Sciences","1","0","1","0","0","0","0","0","0","deceased","2002","2002","","","deceased",""
"2018-02-10","journal","scl","1413-9251","1413-9251;2316-8943","Caderno de Estudos","Applied Social Sciences","0","1","0","0","0","0","0","0","0","deceased","2011-07","2011","07","","current",""
"2018-02-10","journal","scl","1413-9251","1413-9251;2316-8943","Caderno de Estudos","Applied Social Sciences","0","1","0","0","0","0","0","0","0","deceased","2011-08","2011","08","","deceased",""
"2018-02-10","journal","scl","0102-695X","0102-695X;1981-528X","Revista Brasileira de Farmacognosia","Health Sciences","0","0","0","0","0","1","0","0","0","current","2007-04-23","2007","04","23","current",""
"2018-02-10","journal","scl","1806-6445","1806-6445;1983-3342","Sur. Revista Internacional de Direitos Humanos","Applied Social Sciences;Human Sciences","0","1","0","0","0","0","1","0","0","suspended","2008-07","2008","07","","current",""
"2018-02-10","journal","scl","1806-6445","1806-6445;1983-3342","Sur. Revista Internacional de Direitos Humanos","Applied Social Sciences;Human Sciences","0","1","0","0","0","0","1","0","0","suspended","2011-02","2011","02","","suspended","suspended-by-committee"
"2018-02-10","journal","scl","0102-8839","0102-8839;1806-9452","São Paulo em Perspectiva","Applied Social Sciences;Human Sciences","0","1","0","0","0","0","1","0","0","suspended","2002","2002","","","current",""
"2018-02-10","journal","scl","0102-8839","0102-8839;1806-9452","São Paulo em Perspectiva","Applied Social Sciences;Human Sciences","0","1","0","0","0","0","1","0","0","suspended","2005-01","2005","01","","suspended","suspended-by-committee"
"2018-02-10","journal","scl","0104-9224","0104-9224;1980-6973","Soldagem & Inspeção","Engineering","0","0","0","1","0","0","0","0","0","current","2009","2009","","","current",""
"2018-02-10","journal","scl","1982-2170","1413-4853;1982-2170","Boletim de Ciências Geodésicas","Exact and Earth Sciences","0","0","0","0","1","0","0","0","0","current","2011-08","2011","08","","current",""
"2018-02-10","journal","scl","0085-5626","0085-5626;1806-9665","Revista Brasileira de Entomologia","Biological Sciences","0","0","1","0","0","0","0","0","0","current","2003-08-01","2003","08","01","current",""
"2018-02-10","journal","scl","1809-4864","1809-9777;1809-4864","International Archives of Otorhinolaryngology","Health Sciences","0","0","0","0","0","1","0","0","0","current","2012-06","2012","06","","current",""
"2018-02-10","journal","scl","1677-5449","1677-5449;1677-7301","Jornal Vascular Brasileiro","Health Sciences","0","0","0","0","0","1","0","0","0","current","2006-04-17","2006","04","17","current",""
"2018-02-10","journal","scl","0103-5053","0103-5053;1678-4790","Journal of the Brazilian Chemical Society","Exact and Earth Sciences","0","0","0","0","1","0","0","0","0","current","1997-04-25","1997","04","25","current",""
"2018-02-10","journal","scl","2176-9451","2176-9451;2177-6709","Dental Press Journal of Orthodontics","Health Sciences","0","0","0","0","0","1","0","0","0","current","2010-05","2010","05","","current",""
"2018-02-10","journal","scl","0037-8682","0037-8682;1678-9849","Revista da Sociedade Brasileira de Medicina Tropical","Health Sciences","0","0","0","0","0","1","0","0","0","current","1999-09-01","1999","09","01","current",""
"2018-02-10","journal","scl","1414-462X","1414-462X;2358-291X","Cadernos Saúde Coletiva","Health Sciences","0","0","0","0","0","1","0","0","0","current","2013-08","2013","08","","current",""
"2018-02-10","journal","scl","0104-5970","0104-5970;1678-4758","História, Ciências, Saúde-Manguinhos","Health Sciences;Human Sciences","0","0","0","0","0","1","1","0","0","current","2000-06-27","2000","06","27","current",""
"2018-02-10","journal","scl","1516-1439","1516-1439;1980-5373","Materials Research","Engineering","0","0","0","1","0","0","0","0","0","current","2000-01-17","2000","01","17","current",""
"2018-02-10","journal","scl","0034-7167","0034-7167;1984-0446","Revista Brasileira de Enfermagem","Health Sciences","0","0","0","0","0","1","0","0","0","current","2007-09-13","2007","09","13","current",""
"2018-02-10","journal","scl","1414-9893","1414-9893;1982-3703","Psicologia: Ciência e Profissão","Human Sciences","0","0","0","0","0","0","1","0","0","current","2011-06","2011","06","","current",""
"2018-02-10","journal","scl","0004-2749","0004-2749;1678-2925","Arquivos Brasileiros de Oftalmologia","Health Sciences","0","0","0","0","0","1","0","0","0","current","2002-07-02","2002","07","02","current",""
"2018-02-10","journal","scl","2179-8397","0104-1843;2179-8397","Revista Brasileira de Cardiologia Invasiva","Health Sciences","0","0","0","0","0","1","0","0","0","suspended","2012-07","2012","07","","current",""
"2018-02-10","journal","scl","2179-8397","0104-1843;2179-8397","Revista Brasileira de Cardiologia Invasiva","Health Sciences","0","0","0","0","0","1","0","0","0","suspended","2015-09","2015","09","","suspended","suspended-by-committee"
"2018-02-10","journal","scl","0002-0591","0002-0591;1981-1411","Afro-Ásia","Human Sciences","0","0","0","0","0","0","1","0","0","suspended","2013-05","2013","05","","current",""
"2018-02-10","journal","scl","0002-0591","0002-0591;1981-1411","Afro-Ásia","Human Sciences","0","0","0","0","0","0","1","0","0","suspended","2015-09","2015","09","","suspended","suspended-by-committee"
"2018-02-10","journal","scl","1413-7372","1413-7372;1807-0329","Psicologia em Estudo","Human Sciences","0","0","0","0","0","0","1","0","0","suspended","2004-01-08","2004","01","08","current",""
"2018-02-10","journal","scl","1413-7372","1413-7372;1807-0329","Psicologia em Estudo","Human Sciences","0","0","0","0","0","0","1","0","0","suspended","2015-09","2015","09","","suspended","suspended-by-committee"
"2018-02-10","journal","scl","0103-5665","0103-5665;1980-5438","Psicologia Clínica","Human Sciences","0","0","0","0","0","0","1","0","0","suspended","2006-10-05","2006","10","05","current",""
"2018-02-10","journal","scl","0103-5665","0103-5665;1980-5438","Psicologia Clínica","Human Sciences","0","0","0","0","0","0","1","0","0","suspended","2015-09","2015","09","","suspended","suspended-by-committee"
"2018-02-10","journal","scl","1413-8050","1413-8050;1980-5330","Economia Aplicada","Applied Social Sciences","0","1","0","0","0","0","0","0","0","suspended","2006-01-27","2006","01","27","current",""
"2018-02-10","journal","scl","1413-8050","1413-8050;1980-5330","Economia Aplicada","Applied Social Sciences","0","1","0","0","0","0","0","0","0","suspended","2015-09","2015","09","","suspended","suspended-by-committee"
"2018-02-10","journal","scl","0034-7590","0034-7590;2178-938X","Revista de Administração de Empresas","Applied Social Sciences","0","1","0","0","0","0","0","0","0","current","2008-12-16","2008","12","16","current",""
"2018-02-10","journal","scl","0103-2003","0103-2003;1806-9479","Revista de Economia e Sociologia Rural","Applied Social Sciences;Human Sciences","0","1","0","0","0","0","1","0","0","current","2003-07-03","2003","07","03","current",""
"2018-02-10","journal","scl","1413-8123","1413-8123;1678-4561","Ciência & Saúde Coletiva","Health Sciences","0","0","0","0","0","1","0","0","0","current","2002-01-11","2002","01","11","current",""
"2018-02-10","journal","scl","0102-7786","0102-7786;1982-4351","Revista Brasileira de Meteorologia","Exact and Earth Sciences","0","0","0","0","1","0","0","0","0","current","2007-11-06","2007","11","06","current",""
"2018-02-10","journal","scl","0102-8650","0102-8650;1678-2674","Acta Cirurgica Brasileira","Health Sciences","0","0","0","0","0","1","0","0","0","current","1998-04-28","1998","04","28","current",""
"2018-02-10","journal","scl","0104-8775","0104-8775;1982-4343","Varia Historia","Human Sciences","0","0","0","0","0","0","1","0","0","current","2007-04-23","2007","04","23","current",""
"2018-02-10","journal","scl","1516-3180","1516-3180;1806-9460","Sao Paulo Medical Journal","Health Sciences","0","0","0","0","0","1","0","0","0","current","1999-09-01","1999","09","01","current",""
"2018-02-10","journal","scl","1517-8692","1517-8692;1806-9940","Revista Brasileira de Medicina do Esporte","Health Sciences","0","0","0","0","0","1","0","0","0","current","2003-07-14","2003","07","14","current",""
"2018-02-10","journal","scl","0103-9016","0103-9016;1678-992X","Scientia Agricola","Agricultural Sciences","1","0","0","0","0","0","0","0","0","current","1998-10-16","1998","10","16","current",""
"2018-02-10","journal","scl","1516-7313","1516-7313;1980-850X","Ciência & Educação (Bauru)","Human Sciences","0","0","0","0","0","0","1","0","0","current","2007-09-11","2007","09","11","current",""
"2018-02-10","journal","scl","0044-5967","0044-5967;1809-4392","Acta Amazonica","Agricultural Sciences;Biological Sciences;Exact and Earth Sciences;Health Sciences","1","0","1","0","1","1","0","0","1","current","2004-08-17","2004","08","17","current",""
"2018-02-10","journal","scl","1807-0302","2238-3603;1807-0302","Computational & Applied Mathematics","Exact and Earth Sciences","0","0","0","0","1","0","0","0","0","suspended","2004-07-13","2004","07","13","current",""
"2018-02-10","journal","scl","1807-0302","2238-3603;1807-0302","Computational & Applied Mathematics","Exact and Earth Sciences","0","0","0","0","1","0","0","0","0","suspended","2012-12","2012","12","","suspended","not-open-access"
"2018-02-10","journal","scl","0100-8404","0100-8404;1806-9959","Brazilian Journal of Botany","Biological Sciences","0","0","1","0","0","0","0","0","0","suspended","1998-12-07","1998","12","07","current",""
"2018-02-10","journal","scl","0100-8404","0100-8404;1806-9959","Brazilian Journal of Botany","Biological Sciences","0","0","1","0","0","0","0","0","0","suspended","2012-12","2012","12","","suspended","not-open-access"
"2018-02-10","journal","scl","1983-3288","1984-3054;1983-3288","Psychology & Neuroscience","Health Sciences;Human Sciences","0","0","0","0","0","1","1","0","0","suspended","2010-12","2010","12","","current",""
"2018-02-10","journal","scl","1983-3288","1984-3054;1983-3288","Psychology & Neuroscience","Health Sciences;Human Sciences","0","0","0","0","0","1","1","0","0","suspended","2015-01","2015","01","","suspended","not-open-access"
"2018-02-10","journal","scl","0104-6500","0104-6500;1678-4804","Journal of the Brazilian Computer Society","Exact and Earth Sciences","0","0","0","0","1","0","0","0","0","suspended","1997-04-25","1997","04","25","current",""
"2018-02-10","journal","scl","0104-6500","0104-6500;1678-4804","Journal of the Brazilian Computer Society","Exact and Earth Sciences","0","0","0","0","1","0","0","0","0","suspended","2005","2005","","","suspended","suspended-by-committee"
"2018-02-10","journal","scl","0104-6500","0104-6500;1678-4804","Journal of the Brazilian Computer Society","Exact and Earth Sciences","0","0","0","0","1","0","0","0","0","suspended","2008","2008","","","current",""
"2018-02-10","journal","scl","0104-6500","0104-6500;1678-4804","Journal of the Brazilian Computer Society","Exact and Earth Sciences","0","0","0","0","1","0","0","0","0","suspended","2010-11-29","2010","11","29","suspended","not-open-access"
"2018-02-10","journal","scl","2197-0025","2197-0025","Theoretical and Experimental Plant Physiology","Agricultural Sciences","1","0","0","0","0","0","0","0","0","suspended","2013-08","2013","08","","current",""
"2018-02-10","journal","scl","2197-0025","2197-0025","Theoretical and Experimental Plant Physiology","Agricultural Sciences","1","0","0","0","0","0","0","0","0","suspended","2014-01","2014","01","","suspended","not-open-access"
"2018-02-10","journal","scl","1982-5676","1982-5676;1983-2052","Tropical Plant Pathology","Agricultural Sciences","1","0","0","0","0","0","0","0","0","suspended","2008-04","2008","04","","current",""
"2018-02-10","journal","scl","1982-5676","1982-5676;1983-2052","Tropical Plant Pathology","Agricultural Sciences","1","0","0","0","0","0","0","0","0","suspended","2015-01","2015","01","","suspended","not-open-access"
"2018-02-10","journal","scl","2237-6089","2237-6089;2238-0019","Trends in Psychiatry and Psychotherapy","Health Sciences","0","0","0","0","0","1","0","0","0","current","2012-01","2012","01","","current",""
"2018-02-10","journal","scl","0103-6440","0103-6440;1806-4760","Brazilian Dental Journal","Health Sciences","0","0","0","0","0","1","0","0","0","current","2003-03-19","2003","03","19","current",""
"2018-02-10","journal","scl","2237-101X","1518-3319;2237-101X","Topoi (Rio de Janeiro)","Human Sciences","0","0","0","0","0","0","1","0","0","current","2015-01","2015","01","","current",""
"2018-02-10","journal","scl","0103-9733","0103-9733;1678-4448","Brazilian Journal of Physics","Exact and Earth Sciences","0","0","0","0","1","0","0","0","0","suspended","1997-04-25","1997","04","25","current",""
"2018-02-10","journal","scl","0103-9733","0103-9733;1678-4448","Brazilian Journal of Physics","Exact and Earth Sciences","0","0","0","0","1","0","0","0","0","suspended","2011-07-08","2011","07","08","suspended","not-open-access"
"2018-02-10","journal","scl","0101-6083","0101-6083;1806-938X","Archives of Clinical Psychiatry (São Paulo)","Health Sciences","0","0","0","0","0","1","0","0","0","current","2004-01-08","2004","01","08","current",""
"2018-02-10","journal","scl","0101-7438","0101-7438;1678-5142","Pesquisa Operacional","Engineering","0","0","0","1","0","0","0","0","0","current","2002-04-09","2002","04","09","current",""
"2018-02-10","journal","scl","1981-8122","1981-8122;2178-2547","Boletim do Museu Paraense Emílio Goeldi. Ciências Humanas","Human Sciences","0","0","0","0","0","0","1","0","0","current","2010","2010","","","current",""
"2018-02-10","journal","scl","1678-3166","1678-3166;2316-8994","Scientiae Studia","Human Sciences","0","0","0","0","0","0","1","0","0","suspended","2009-04-27","2009","04","27","current",""
"2018-02-10","journal","scl","1678-3166","1678-3166;2316-8994","Scientiae Studia","Human Sciences","0","0","0","0","0","0","1","0","0","suspended","2016-01-18","2016","01","18","suspended","suspended-by-editor"
"2018-02-10","journal","scl","0301-8059","0301-8059;1981-5328","Anais da Sociedade Entomológica do Brasil","Biological Sciences","0","0","1","0","0","0","0","0","0","deceased","1997-01","1997","01","","current",""
"2018-02-10","journal","scl","0301-8059","0301-8059;1981-5328","Anais da Sociedade Entomológica do Brasil","Biological Sciences","0","0","1","0","0","0","0","0","0","deceased","2000","2000","","","deceased",""
"2018-02-10","journal","scl","2359-3997","2359-3997;2359-4292","Archives of Endocrinology and Metabolism","Health Sciences","0","0","0","0","0","1","0","0","0","current","2015-04","2015","04","","current",""
"2018-02-10","journal","scl","2237-9363","2237-9363;2317-6423","Journal of Coloproctology (Rio de Janeiro)","Health Sciences","0","0","0","0","0","1","0","0","0","current","2012-05","2012","05","","current",""
"2018-02-10","journal","scl","1519-6984","1519-6984;1678-4375","Brazilian Journal of Biology","Biological Sciences","0","0","1","0","0","0","0","0","0","current","2001-10-24","2001","10","24","current",""
"2018-02-10","journal","scl","0100-3984","0100-3984;1678-7099","Radiologia Brasileira","Health Sciences","0","0","0","0","0","1","0","0","0","current","2002-02-14","2002","02","14","current",""
"2018-02-10","journal","scl","0104-6632","0104-6632;1678-4383","Brazilian Journal of Chemical Engineering","Engineering","0","0","0","1","0","0","0","0","0","current","1997-04-25","1997","04","25","current",""
"2018-02-10","journal","scl","0104-9313","0104-9313;1678-4944","Mana","Human Sciences","0","0","0","0","0","0","1","0","0","current","2000-05-26","2000","05","26","current",""
"2018-02-10","journal","scl","0104-6276","0104-6276;1807-0191","Opinião Pública","Human Sciences","0","0","0","0","0","0","1","0","0","current","2003-03-17","2003","03","17","current",""
"2018-02-10","journal","scl","0103-6564","0103-6564;1678-5177","Psicologia USP","Human Sciences","0","0","0","0","0","0","1","0","0","current","1998-10-16","1998","10","16","current",""
"2018-02-10","journal","scl","0103-6564","0103-6564;1678-5177","Psicologia USP","Human Sciences","0","0","0","0","0","0","1","0","0","current","2005-01","2005","01","","suspended","suspended-by-committee"
"2018-02-10","journal","scl","0103-6564","0103-6564;1678-5177","Psicologia USP","Human Sciences","0","0","0","0","0","0","1","0","0","current","2010-08","2010","08","","current",""
"2018-02-10","journal","scl","1519-9940","1519-9940","Revista Brasileira de Saúde e Produção Animal","Agricultural Sciences","1","0","0","0","0","0","0","0","0","current","2013-04","2013","04","","current",""
"2018-02-10","journal","scl","1415-790X","1415-790X;1980-5497","Revista Brasileira de Epidemiologia","Health Sciences","0","0","0","0","0","1","0","0","0","current","2005-01-12","2005","01","12","current",""
"2018-02-10","journal","scl","1984-2961","0103-846X;1984-2961","Revista Brasileira de Parasitologia Veterinária","Biological Sciences","0","0","1","0","0","0","0","0","0","current","2010","2010","","","current",""
"2018-02-10","journal","scl","0103-0582","0103-0582;1984-0462","Revista Paulista de Pediatria","Health Sciences","0","0","0","0","0","1","0","0","0","current","2007-10-09","2007","10","09","current",""
"2018-02-10","journal","scl","0041-8781","1678-9903","Revista do Hospital das Clínicas","Health Sciences","0","0","0","0","0","1","0","0","0","deceased","2000","2000","","","current",""
"2018-02-10","journal","scl","0041-8781","1678-9903","Revista do Hospital das Clínicas","Health Sciences","0","0","0","0","0","1","0","0","0","deceased","2005","2005","","","deceased",""
"2018-02-10","journal","scl","1809-4872","1809-4856","Arquivos Internacionais de Otorrinolaringologia","Health Sciences","0","0","0","0","0","1","0","0","0","deceased","2011-01","2011","01","","current",""
"2018-02-10","journal","scl","1809-4872","1809-4856","Arquivos Internacionais de Otorrinolaringologia","Health Sciences","0","0","0","0","0","1","0","0","0","deceased","2012-05","2012","05","","deceased",""
"2018-02-10","journal","scl","0004-2730","1677-9487","Arquivos Brasileiros de Endocrinologia & Metabologia","Health Sciences","0","0","0","0","0","1","0","0","0","deceased","2001-06-25","2001","06","25","current",""
"2018-02-10","journal","scl","0004-2730","1677-9487","Arquivos Brasileiros de Endocrinologia & Metabologia","Health Sciences","0","0","0","0","0","1","0","0","0","deceased","2014-12","2014","12","","deceased",""
"2018-02-10","journal","scl","0102-0935","1678-4162","Arquivo Brasileiro de Medicina Veterinária e Zootecnia","Agricultural Sciences","1","0","0","0","0","0","0","0","0","current","2000-06-09","2000","06","09","current",""
"2018-02-10","journal","scl","1678-6971","1678-6971","RAM. Revista de Administração Mackenzie","Applied Social Sciences","0","1","0","0","0","0","0","0","0","current","2010","2010","","","current",""
"2018-02-10","journal","scl","0101-9880","","Revista Brasileira de Coloproctologia","Health Sciences","0","0","0","0","0","1","0","0","0","deceased","2006-08-28","2006","08","28","current",""
"2018-02-10","journal","scl","0101-9880","","Revista Brasileira de Coloproctologia","Health Sciences","0","0","0","0","0","1","0","0","0","deceased","2012-05","2012","05","","deceased",""
"2018-02-10","journal","scl","1415-5273","1678-9865","Revista de Nutrição","Health Sciences","0","0","0","0","0","1","0","0","0","current","2002-02-07","2002","02","07","current",""
"2018-02-10","journal","scl","1807-2577","1807-2577","Revista de Odontologia da UNESP","Health Sciences","0","0","0","0","0","1","0","0","0","current","2013-02","2013","02","","current",""
"2018-02-10","journal","scl","0103-166X","1982-0275","Estudos de Psicologia (Campinas)","Human Sciences","0","0","0","0","0","0","1","0","0","current","2007-07-05","2007","07","05","current",""
"2018-02-10","journal","scl","1415-6555","1982-7849","Revista de Administração Contemporânea","Applied Social Sciences","0","1","0","0","0","0","0","0","0","current","2007-12-05","2007","12","05","current",""
"2018-02-10","journal","scl","0103-2100","1982-0194","Acta Paulista de Enfermagem","Health Sciences","0","0","0","0","0","1","0","0","0","current","2007-07-04","2007","07","04","current",""
"2018-02-10","journal","scl","1517-3151","","Revista Brasileira de Engenharia Biomédica","Engineering","0","0","0","1","0","0","0","0","0","deceased","2012-12","2012","12","","current",""
"2018-02-10","journal","scl","1517-3151","","Revista Brasileira de Engenharia Biomédica","Engineering","0","0","0","1","0","0","0","0","0","deceased","2014-12","2014","12","","deceased",""
"2018-02-10","journal","scl","0103-7331","1809-4481","Physis: Revista de Saúde Coletiva","Health Sciences;Human Sciences","0","0","0","0","0","1","1","0","0","current","2005-10-20","2005","10","20","current",""
"2018-02-10","journal","scl","1519-7077","1808-057X","Revista Contabilidade & Finanças","Applied Social Sciences","0","1","0","0","0","0","0","0","0","current","2007-10-18","2007","10","18","current",""
"2018-02-10","journal","scl","0104-4478","1678-9873","Revista de Sociologia e Política","Human Sciences","0","0","0","0","0","0","1","0","0","current","2002-02-08","2002","02","08","current",""
"2018-02-10","journal","scl","1415-5419","1980-5500","Revista Dental Press de Ortodontia e Ortopedia Facial","Health Sciences","0","0","0","0","0","1","0","0","0","deceased","2006-01-27","2006","01","27","current",""
"2018-02-10","journal","scl","1415-5419","1980-5500","Revista Dental Press de Ortodontia e Ortopedia Facial","Health Sciences","0","0","0","0","0","1","0","0","0","deceased","2010-04","2010","04","","deceased",""
"2018-02-10","journal","scl","1677-0420","1677-9452","Brazilian Journal of Plant Physiology","Biological Sciences","0","0","1","0","0","0","0","0","0","deceased","2002-10-23","2002","10","23","current",""
"2018-02-10","journal","scl","1677-0420","1677-9452","Brazilian Journal of Plant Physiology","Biological Sciences","0","0","1","0","0","0","0","0","0","deceased","2013-08","2013","08","","deceased",""
"2018-02-10","journal","scl","0100-736X","0100-736X;1678-5150","Pesquisa Veterinária Brasileira","Agricultural Sciences","1","0","0","0","0","0","0","0","0","current","1998-10-16","1998","10","16","current",""
"2018-02-10","journal","scl","0102-7638","0102-7638;1678-9741","Brazilian Journal of Cardiovascular Surgery","Health Sciences","0","0","0","0","0","1","0","0","0","current","1998-10-16","1998","10","16","current",""
"2018-02-10","journal","scl","1677-5538","1677-6119","International braz j urol","Health Sciences","0","0","0","0","0","1","0","0","0","current","2003-09-05","2003","09","05","current",""
"2018-02-10","journal","scl","2358-0429","2318-8111;2358-0429","MedicalExpress","Health Sciences","0","0","0","0","0","1","0","0","0","current","2016","2016","","","current",""
"2018-02-10","journal","scl","0034-7299","0034-7299","Revista Brasileira de Otorrinolaringologia","Health Sciences","0","0","0","0","0","1","0","0","0","deceased","2002-05-10","2002","05","10","current",""
"2018-02-10","journal","scl","0034-7299","0034-7299","Revista Brasileira de Otorrinolaringologia","Health Sciences","0","0","0","0","0","1","0","0","0","deceased","2009-07","2009","07","","deceased",""
"2018-02-10","journal","scl","0102-6445","0102-6445;1807-0175","Lua Nova: Revista de Cultura e Política","Human Sciences","0","0","0","0","0","0","1","0","0","current","2002-07-19","2002","07","19","current",""
"2018-02-10","journal","scl","1983-3083","1983-3083","Revista da Educação Física / UEM","Health Sciences","0","0","0","0","0","1","0","0","0","deceased","2012-10","2012","10","","current",""
"2018-02-10","journal","scl","1983-3083","1983-3083","Revista da Educação Física / UEM","Health Sciences","0","0","0","0","0","1","0","0","0","deceased","2016-06","2016","06","","deceased",""
"2018-02-10","journal","scl","0103-7307","1980-6248","Pro-Posições","Human Sciences","0","0","0","0","0","0","1","0","0","current","2008-09-02","2008","09","02","current",""
"2018-02-10","journal","scl","0370-4467","0370-4467;1807-0353","Rem: Revista Escola de Minas","Engineering","0","0","0","1","0","0","0","0","0","deceased","2002-06-24","2002","06","24","current",""
"2018-02-10","journal","scl","0370-4467","0370-4467;1807-0353","Rem: Revista Escola de Minas","Engineering","0","0","0","1","0","0","0","0","0","deceased","2016-07","2016","07","","deceased",""
"2018-02-10","journal","scl","2448-167X","2448-167X","REM - International Engineering Journal","Engineering","0","0","0","1","0","0","0","0","0","current","2016-06","2016","06","","current",""
"2018-02-10","journal","scl","0020-3874","0020-3874;2316-901X","Revista do Instituto de Estudos Brasileiros","Human Sciences","0","0","0","0","0","0","1","0","0","current","2013-06","2013","06","","current",""
"2018-02-10","journal","scl","0102-8529","0102-8529;1982-0240","Contexto Internacional","Human Sciences","0","0","0","0","0","0","1","0","0","current","2007-08-09","2007","08","09","current",""
"2018-02-10","journal","scl","0011-5258","0011-5258;1678-4588","Dados","Human Sciences","0","0","0","0","0","0","1","0","0","current","1997-04-25","1997","04","25","current",""
"2018-02-10","journal","scl","0103-863X","0103-863X;1982-4327","Paidéia (Ribeirão Preto)","Human Sciences","0","0","0","0","0","0","1","0","0","current","2007-10-29","2007","10","29","current",""
"2018-02-10","journal","scl","2446-4740","2446-4732;2446-4740","Research on Biomedical Engineering","Engineering","0","0","0","1","0","0","0","0","0","current","2015-05","2015","05","","current",""
"2018-02-10","journal","scl","0104-4230","0104-4230;1806-9282","Revista da Associação Médica Brasileira","Health Sciences","0","0","0","0","0","1","0","0","0","current","2000-04-07","2000","04","07","current",""
"2018-02-10","journal","scl","0102-4450","0102-4450;1678-460X","DELTA: Documentação de Estudos em Lingüística Teórica e Aplicada","Linguistics, Letters and Arts","0","0","0","0","0","0","0","1","0","current","1998-10-16","1998","10","16","current",""
"2018-02-10","journal","scl","0100-4042","0100-4042;1678-7064","Química Nova","Exact and Earth Sciences","0","0","0","0","1","0","0","0","0","current","2000-01-26","2000","01","26","current",""
"2018-02-10","journal","scl","1982-8837","1982-8837","Pandaemonium Germanicum","Linguistics, Letters and Arts","0","0","0","0","0","0","0","1","0","current","2011-08","2011","08","","current",""
"2018-02-10","journal","scl","0101-6628","0101-6628;2317-6318","Serviço Social & Sociedade","Applied Social Sciences","0","1","0","0","0","0","0","0","0","current","2010-11","2010","11","","current",""
"2018-02-10","journal","scl","2238-1031","2238-1031","Journal of Transport Literature","Engineering","0","0","0","1","0","0","0","0","0","suspended","2013-10","2013","10","","current",""
"2018-02-10","journal","scl","2238-1031","2238-1031","Journal of Transport Literature","Engineering","0","0","0","1","0","0","0","0","0","suspended","2016-10-16","2016","10","16","suspended","suspended-by-editor"
"2018-02-10","journal","scl","2236-4633","2236-4633","Almanack","Human Sciences","0","0","0","0","0","0","1","0","0","current","2016","2016","","","current",""
"2018-02-10","journal","scl","2317-4889","2317-4889;2317-4692","Brazilian Journal of Geology","Exact and Earth Sciences","0","0","0","0","1","0","0","0","0","current","2015-01","2015","01","","current",""
"2018-02-10","journal","scl","1414-4077","1414-4077;1982-5765","Avaliação: Revista da Avaliação da Educação Superior (Campinas)","Human Sciences","0","0","0","0","0","0","1","0","0","current","2007-12-06","2007","12","06","current",""
"2018-02-10","journal","scl","0100-1574","0100-1574;1980-5314","Cadernos de Pesquisa","Human Sciences","0","0","0","0","0","0","1","0","0","current","2003-02-20","2003","02","20","current",""
"2018-02-10","journal","scl","2176-4573","2176-4573","Bakhtiniana: Revista de Estudos do Discurso","Linguistics, Letters and Arts","0","0","0","0","0","0","0","1","0","current","2012-08","2012","08","","current",""
"2018-02-10","journal","scl","0066-782X","0066-782X;1678-4170","Arquivos Brasileiros de Cardiologia","Health Sciences","0","0","0","0","0","1","0","0","0","current","2000-03-21","2000","03","21","current",""
"2018-02-10","journal","scl","0102-6720","0102-6720;2317-6326","ABCD. Arquivos Brasileiros de Cirurgia Digestiva (São Paulo)","Health Sciences","0","0","0","0","0","1","0","0","0","current","2010-05","2010","05","","current",""
"2018-02-10","journal","scl","1679-8759","1982-436X","Brazilian Journal of Oceanography","Exact and Earth Sciences","0","0","0","0","1","0","0","0","0","current","2007-10-09","2007","10","09","current",""
"2018-02-10","journal","scl","0101-4714","0101-4714;1982-0267","Anais do Museu Paulista: História e Cultura Material","Applied Social Sciences;Human Sciences","0","1","0","0","0","0","1","0","0","current","2007-07-31","2007","07","31","current",""
"2018-02-10","journal","scl","0103-4979","0103-4979;1983-8239","Caderno CRH","Applied Social Sciences;Human Sciences","0","1","0","0","0","0","1","0","0","current","2008-08-26","2008","08","26","current",""
"2018-02-10","journal","scl","1808-8694","1808-8694;1808-8686","Brazilian Journal of Otorhinolaryngology","Health Sciences","0","0","0","0","0","1","0","0","0","current","2009-07","2009","07","","current",""
"2018-02-10","journal","scl","0104-7760","0104-7760;2317-6342","CERNE","Agricultural Sciences","1","0","0","0","0","0","0","0","0","current","2012-11","2012","11","","current",""
"2018-02-10","journal","scl","0365-0596","0365-0596;1806-4841","Anais Brasileiros de Dermatologia","Health Sciences","0","0","0","0","0","1","0","0","0","current","2003-07-31","2003","07","31","current",""
"2018-02-10","journal","scl","2316-8242","1413-7755;2316-8242","Cadernos Nietzsche","Human Sciences","0","0","0","0","0","0","1","0","0","current","2013-09","2013","09","","current",""
"2018-02-10","journal","scl","1517-8382","1517-8382;1678-4405","Brazilian Journal of Microbiology","Biological Sciences","0","0","1","0","0","0","0","0","0","current","2000-08-11","2000","08","11","current",""
"2018-02-10","journal","scl","1413-7054","1413-7054;1981-1829","Ciência e Agrotecnologia","Agricultural Sciences","1","0","0","0","0","0","0","0","0","current","2007-05-17","2007","05","17","current",""
"2018-02-10","journal","scl","2175-7968","2175-7968","Cadernos de Tradução","Linguistics, Letters and Arts","0","0","0","0","0","0","0","1","0","current","2016-07","2016","07","","current",""
"2018-02-10","journal","scl","1413-8670","1413-8670;1678-4391","Brazilian Journal of Infectious Diseases","Biological Sciences;Health Sciences","0","0","1","0","0","1","0","0","0","current","2001-07-30","2001","07","30","current",""
"2018-02-10","journal","scl","1980-5098","0103-9954;1980-5098","Ciência Florestal","Agricultural Sciences","1","0","0","0","0","0","0","0","0","current","2015-05","2015","05","","current",""
"2018-02-10","journal","scl","1516-1498","1809-4414","Ágora: Estudos em Teoria Psicanalítica","Human Sciences","0","0","0","0","0","0","1","0","0","current","2005-09-27","2005","09","27","current",""
"2018-02-10","journal","scl","1808-1851","1808-1851;2177-014X","Coluna/Columna","Health Sciences","0","0","0","0","0","1","0","0","0","current","2010-01-19","2010","01","19","current",""
"2018-02-10","journal","scl","2317-1537","2317-1537;2317-1545","Journal of Seed Science","Agricultural Sciences","1","0","0","0","0","0","0","0","0","current","2013-04","2013","04","","current",""
"2018-02-10","journal","scl","0101-4161","0101-4161;1980-5357","Estudos Econômicos (São Paulo)","Applied Social Sciences","0","1","0","0","0","0","0","0","0","current","2006-08-25","2006","08","25","current",""
"2018-02-10","journal","scl","0021-7557","0021-7557;1678-4782","Jornal de Pediatria","Health Sciences","0","0","0","0","0","1","0","0","0","current","2002-07-19","2002","07","19","current",""
"2018-02-10","journal","scl","2175-6236","0100-3143;2175-6236","Educação & Realidade","Human Sciences","0","0","0","0","0","0","1","0","0","current","2013-01","2013","01","","current",""
"2018-02-10","journal","scl","0101-7330","0101-7330;1678-4626","Educação & Sociedade","Human Sciences","0","0","0","0","0","0","1","0","0","current","1999-04-14","1999","04","14","current",""
"2018-02-10","journal","scl","0034-7094","0034-7094;1806-907X","Revista Brasileira de Anestesiologia","Health Sciences","0","0","0","0","0","1","0","0","0","current","2003-03-31","2003","03","31","current",""
"2018-02-10","journal","scl","1679-4508","1679-4508;2317-6385","Einstein (São Paulo)","Health Sciences","0","0","0","0","0","1","0","0","0","current","2012-09","2012","09","","current",""
"2018-02-10","journal","scl","0102-0536","0102-0536;1806-9991","Horticultura Brasileira","Agricultural Sciences","1","0","0","0","0","0","0","0","0","current","2003-04-02","2003","04","02","current",""
"2018-02-10","journal","scl","0034-7140","0034-7140;1806-9134","Revista Brasileira de Economia","Applied Social Sciences","0","1","0","0","0","0","0","0","0","current","2002-07-19","2002","07","19","current",""
"2018-02-10","journal","scl","1982-2553","1519-311X;1982-2553","Galáxia (São Paulo)","Applied Social Sciences","0","1","0","0","0","0","0","0","0","current","2014-03","2014","03","","current",""
"2018-02-10","journal","scl","0103-6351","0103-6351;1980-5381","Nova Economia","Applied Social Sciences","0","1","0","0","0","0","0","0","0","current","2006-10-02","2006","10","02","current",""
"2018-02-10","journal","scl","0047-2085","0047-2085;1982-0208","Jornal Brasileiro de Psiquiatria","Health Sciences","0","0","0","0","0","1","0","0","0","current","2007-06-27","2007","06","27","current",""
"2018-02-10","journal","scl","2236-3459","1414-3518;2236-3459","História da Educação","Human Sciences","0","0","0","0","0","0","1","0","0","current","2013-05","2013","05","","current",""
"2018-02-10","journal","scl","0104-1290","0104-1290;1984-0470","Saúde e Sociedade","Health Sciences;Human Sciences","0","0","0","0","0","1","1","0","0","current","2008-02-11","2008","02","11","current",""
"2018-02-10","journal","scl","0101-3289","0101-3289;2179-3255","Revista Brasileira de Ciências do Esporte","Health Sciences","0","0","0","0","0","1","0","0","0","current","2011-05","2011","05","","current",""
"2018-02-10","journal","scl","2175-8026","2175-8026","Ilha do Desterro","Linguistics, Letters and Arts","0","0","0","0","0","0","0","1","0","current","2015-01","2015","01","","current",""
"2018-02-10","journal","scl","0104-530X","0104-530X;1806-9649","Gestão & Produção","Engineering","0","0","0","1","0","0","0","0","0","current","2002-12-19","2002","12","19","current",""
"2018-02-10","journal","scl","0103-2186","0103-2186;2178-1494","Estudos Históricos (Rio de Janeiro)","Human Sciences","0","0","0","0","0","0","1","0","0","current","2010-07-12","2010","07","12","current",""
"2018-02-10","journal","scl","1809-5844","1809-5844;1980-3508","Intercom: Revista Brasileira de Ciências da Comunicação","Applied Social Sciences","0","1","0","0","0","0","0","0","0","current","2012-06","2012","06","","current",""
"2018-02-10","journal","scl","1413-2311","1980-4164;1413-2311","REAd. Revista Eletrônica de Administração (Porto Alegre)","Applied Social Sciences","0","1","0","0","0","0","0","0","0","current","2012-05","2012","05","","current",""
"2018-02-10","journal","scl","0104-4036","0104-4036;1809-4465","Ensaio: Avaliação e Políticas Públicas em Educação","Human Sciences","0","0","0","0","0","0","1","0","0","current","2005-08-18","2005","08","18","current",""
"2018-02-10","journal","scl","1807-1775","1807-1775","JISTEM - Journal of Information Systems and Technology Management","Applied Social Sciences","0","1","0","0","0","0","0","0","0","current","2010-11","2010","11","","current",""
"2018-02-10","journal","scl","1518-7012","1518-7012;1984-042X","Interações (Campo Grande)","Applied Social Sciences;Human Sciences","0","1","0","0","0","0","1","0","0","current","2007-06-28","2007","06","28","current",""
"2018-02-10","journal","scl","1413-9936","1981-5344","Perspectivas em Ciência da Informação","Applied Social Sciences","0","1","0","0","0","0","0","0","0","current","2006-12-05","2006","12","05","current",""
"2018-02-10","journal","scl","2179-1074","2179-1074","Journal of Microwaves, Optoelectronics and Electromagnetic Applications","Engineering","0","0","0","1","0","0","0","0","0","current","2011-11","2011","11","","current",""
"2018-02-10","journal","scl","1518-7632","1982-4017","Linguagem em (Dis)curso","Linguistics, Letters and Arts","0","0","0","0","0","0","0","1","0","current","2010-12","2010","12","","current",""
"2018-02-10","journal","scl","1679-7825","1679-7817;1679-7825","Latin American Journal of Solids and Structures","Engineering","0","0","0","1","0","0","0","0","0","current","2011-07","2011","07","","current",""
"2018-02-10","journal","scl","1676-2444","1678-4774","Jornal Brasileiro de Patologia e Medicina Laboratorial","Health Sciences","0","0","0","0","0","1","0","0","0","current","2002-07-15","2002","07","15","current",""
"2018-02-10","journal","scl","1984-9230","1984-9230","Organizações & Sociedade","Applied Social Sciences","0","1","0","0","0","0","0","0","0","current","2012-07","2012","07","","current",""
"2018-02-10","journal","scl","1983-4063","1983-4063","Pesquisa Agropecuária Tropical","Agricultural Sciences","1","0","0","0","0","0","0","0","0","current","2012-02","2012","02","","current",""
"2018-02-10","journal","scl","1980-0037","1415-8426;1980-0037","Revista Brasileira de Cineantropometria & Desempenho Humano","Health Sciences","0","0","0","0","0","1","0","0","0","current","2011-07","2011","07","","current",""
"2018-02-10","journal","scl","2237-2660","2237-2660","Revista Brasileira de Estudos da Presença","Linguistics, Letters and Arts","0","0","0","0","0","0","0","1","0","current","2016","2016","","","current",""
"2018-02-10","journal","scl","0034-737X","0034-737X;2177-3491","Revista Ceres","Agricultural Sciences;Biological Sciences","1","0","1","0","0","0","0","0","0","current","2011-05","2011","05","","current",""
"2018-02-10","journal","scl","0034-7280","0034-7280;1982-8551","Revista Brasileira de Oftalmologia","Health Sciences","0","0","0","0","0","1","0","0","0","current","2008-02-11","2008","02","11","current",""
"2018-02-10","journal","scl","1981-8637","1981-8637;1981-8637","RGO - Revista Gaúcha de Odontologia","Health Sciences","0","0","0","0","0","1","0","0","0","current","2015-01","2015","01","","current",""
"2018-02-10","journal","scl","0100-6991","0100-6991;1809-4546","Revista do Colégio Brasileiro de Cirurgiões","Health Sciences","0","0","0","0","0","1","0","0","0","current","2005-10-21","2005","10","21","current",""
"2018-02-10","journal","scl","0080-2107","1984-6142","Revista de Administração (São Paulo)","Applied Social Sciences","0","1","0","0","0","0","0","0","0","current","2012-07","2012","07","","current",""
"2018-02-10","journal","scl","2176-6681","0034-7183;2176-6681","Revista Brasileira de Estudos Pedagógicos","Human Sciences","0","0","0","0","0","0","1","0","0","current","2013-07","2013","07","","current",""
"2018-02-10","journal","scl","0101-3173","0101-3173;1980-539X","Trans/Form/Ação","Human Sciences","0","0","0","0","0","0","1","0","0","current","2006-05-18","2006","05","18","current",""
"2018-02-10","journal","scl","0103-1813","2175-764X","Trabalhos em Linguística Aplicada","Linguistics, Letters and Arts","0","0","0","0","0","0","0","1","0","current","2009-06","2009","06","","current",""
"2018-02-10","journal","scl","1984-6398","1984-6398","Revista Brasileira de Linguística Aplicada","Linguistics, Letters and Arts","0","0","0","0","0","0","0","1","0","current","2011-02","2011","02","","current",""
"2018-02-10","journal","scl","0102-3616","0102-3616;1982-4378","Revista Brasileira de Ortopedia","Health Sciences","0","0","0","0","0","1","0","0","0","current","2007-10-23","2007","10","23","current",""
"2018-02-10","journal","scl","0103-2070","0103-2070;1809-4554","Tempo Social","Human Sciences","0","0","0","0","0","0","1","0","0","current","2005-09-20","2005","09","20","current",""
"2018-02-10","journal","scl","1983-2125","0100-316X;1983-2125","Revista Caatinga","Agricultural Sciences","1","0","0","0","0","0","0","0","0","current","2016","2016","","","current",""
"2018-02-10","journal","scl","0103-1104","0103-1104;2358-2898","Saúde em Debate","Health Sciences","0","0","0","0","0","1","0","0","0","current","2013-04","2013","04","","current",""
"2018-02-10","journal","scl","0482-5004","0482-5004;1809-4570","Revista Brasileira de Reumatologia","Health Sciences","0","0","0","0","0","1","0","0","0","current","2005-11-30","2005","11","30","current",""
"2018-02-10","journal","scl","1806-6690","0045-6888;1806-6690","Revista Ciência Agronômica","Agricultural Sciences","1","0","0","0","0","0","0","0","0","current","2010","2010","","","current",""
"2018-02-10","journal","scl","1414-4980","1982-0259","Revista Katálysis","Applied Social Sciences","0","1","0","0","0","0","0","0","0","current","2007-05-17","2007","05","17","current",""
"2018-02-10","journal","scl","1516-8484","1516-8484;1806-0870","Revista Brasileira de Hematologia e Hemoterapia","Health Sciences","0","0","0","0","0","1","0","0","0","current","2002-07-19","2002","07","19","current",""
"2018-02-10","journal","scl","1806-0013","1806-0013;2317-6393","Revista Dor","Health Sciences","0","0","0","0","0","1","0","0","0","current","2011","2011","","","current",""
"2018-02-10","journal","scl","1517-4522","1517-4522;1807-0337","Sociologias","Human Sciences","0","0","0","0","0","0","1","0","0","current","2003-06-23","2003","06","23","current",""
"2018-02-10","journal","scl","1983-4195","1983-4195","Revista IBRACON de Estruturas e Materiais","Engineering","0","0","0","1","0","0","0","0","0","current","2012-09","2012","09","","current",""
"2018-02-10","journal","scl","2177-7055","0101-9562;2177-7055","Sequência (Florianópolis)","Applied Social Sciences","0","1","0","0","0","0","0","0","0","current","2013-06","2013","06","","current",""
"2018-02-10","journal","scl","1984-6487","1984-6487","Sexualidad, Salud y Sociedad (Rio de Janeiro)","Human Sciences","0","0","0","0","0","0","1","0","0","current","2011-08","2011","08","","current",""
"2018-02-10","journal","scl","2179-8451","1677-1966;2179-8451","TEMA (São Carlos)","Exact and Earth Sciences","0","0","0","0","1","0","0","0","0","current","2012-10","2012","10","","current",""
"2018-02-10","journal","scl","1981-7746","1678-1007;1981-7746","Trabalho, Educação e Saúde","Human Sciences","0","0","0","0","0","0","1","0","0","current","2011","2011","","","current",""
"2018-02-10","journal","scl","0103-3352","2178-4884","Revista Brasileira de Ciência Política","Human Sciences","0","0","0","0","0","0","1","0","0","current","2012-07","2012","07","","current",""
"2018-02-10","journal","scl","1516-3598","1806-9290","Revista Brasileira de Zootecnia","Agricultural Sciences","1","0","0","0","0","0","0","0","0","current","2001-08-17","2001","08","17","current",""
"2018-02-10","journal","scl","1415-4366","1415-4366;1807-1929","Revista Brasileira de Engenharia Agrícola e Ambiental","Agricultural Sciences","1","0","0","0","0","0","0","0","0","current","2004-08-17","2004","08","17","current",""
"2018-02-10","journal","scl","2316-4018","2316-4018","Estudos de Literatura Brasileira Contemporânea","Linguistics, Letters and Arts","0","0","0","0","0","0","0","1","0","current","2013-03","2013","03","","current",""
"2018-02-10","journal","scl","0102-3306","0102-3306;1677-941X","Acta Botanica Brasilica","Biological Sciences","0","0","1","0","0","0","0","0","0","current","2001-08-03","2001","08","03","current",""
"2018-02-10","journal","scl","2236-9996","1517-2422;2236-9996","Cadernos Metrópole","Applied Social Sciences","0","1","0","0","0","0","0","0","0","current","2014-08","2014","08","","current",""
"2018-02-10","journal","scl","1414-753X","1414-753X;1809-4422","Ambiente & Sociedade","Applied Social Sciences;Biological Sciences;Human Sciences","0","1","1","0","0","0","1","0","1","current","2003-09-30","2003","09","30","current",""
"2018-02-10","journal","scl","0102-6992","0102-6992;1980-5462","Sociedade e Estado","Applied Social Sciences","0","1","0","0","0","0","0","0","0","current","2006-09-27","2006","09","27","current",""
"2018-02-10","journal","scl","1980-5764","1980-5764;1980-5764","Dementia & Neuropsychologia","Health Sciences;Human Sciences","0","0","0","0","0","1","1","0","0","current","2015","2015","","","current",""
"2018-02-10","journal","scl","0100-6916","0100-6916;1809-4430","Engenharia Agrícola","Agricultural Sciences","1","0","0","0","0","0","0","0","0","current","2005-01-28","2005","01","28","current",""
"2018-02-10","journal","scl","0100-7203","0100-7203;1806-9339","Revista Brasileira de Ginecologia e Obstetrícia","Health Sciences","0","0","0","0","0","1","0","0","0","current","2002-06-12","2002","06","12","current",""
"2018-02-10","journal","scl","1982-6125","1982-6125","Revista Brasileira de Pesquisa em Turismo","Applied Social Sciences","0","1","0","0","0","0","0","0","0","current","2017","2017","","","current",""
"2018-02-10","journal","scl","1413-7704","1413-7704;1980-542X","Tempo","Human Sciences","0","0","0","0","0","0","1","0","0","current","2006-09-19","2006","09","19","current",""
"2018-02-10","journal","scl","1413-7704","1413-7704;1980-542X","Tempo","Human Sciences","0","0","0","0","0","0","1","0","0","current","2015-09","2015","09","","suspended","suspended-by-committee"
"2018-02-10","journal","scl","1413-7704","1413-7704;1980-542X","Tempo","Human Sciences","0","0","0","0","0","0","1","0","0","current","2017-03","2017","03","","current",""
"2018-02-10","journal","scl","1808-2432","2317-6172","Revista Direito GV","Applied Social Sciences","0","1","0","0","0","0","0","0","0","current","2010","2010","","","current",""
"2018-02-10","journal","scl","0100-8587","0100-8587;1984-0438","Religião & Sociedade","Human Sciences","0","0","0","0","0","0","1","0","0","current","2007-10","2007","10","","current",""
"2018-02-10","journal","scl","1516-0572","1516-0572;1983-084X","Revista Brasileira de Plantas Medicinais","Agricultural Sciences;Biological Sciences","1","0","1","0","0","0","0","0","0","suspended","2010","2010","","","current",""
"2018-02-10","journal","scl","1516-0572","1516-0572;1983-084X","Revista Brasileira de Plantas Medicinais","Agricultural Sciences;Biological Sciences","1","0","1","0","0","0","0","0","0","suspended","2017-04-18","2017","04","18","suspended","suspended-by-committee"
"2018-02-10","journal","scl","1983-6821","1983-6821","Machado de Assis em Linha","Linguistics, Letters and Arts","0","0","0","0","0","0","0","1","0","current","2013-01","2013","01","","current",""
"2018-02-10","journal","scl","1808-2386","1808-2386","BBR. Brazilian Business Review","Applied Social Sciences","0","1","0","0","0","0","0","0","0","current","2017-02","2017","02","","current",""
"2018-02-10","journal","scl","0100-6045","0100-6045;2317-630X","Manuscrito","Human Sciences","0","0","0","0","0","0","1","0","0","current","2012-08","2012","08","","current",""
"2018-02-10","journal","scl","1516-1846","1982-0216","Revista CEFAC","Health Sciences","0","0","0","0","0","1","0","0","0","current","2007-05-17","2007","05","17","current",""
"2018-02-10","journal","scl","0103-5150","1980-5918","Fisioterapia em Movimento","Health Sciences","0","0","0","0","0","1","0","0","0","current","2010","2010","","","current",""
"2018-02-10","journal","scl","0034-8309","0034-8309;2316-9141","Revista de História (São Paulo)","Human Sciences","0","0","0","0","0","0","1","0","0","current","2015-01","2015","01","","current",""
"2018-02-10","journal","scl","2179-975X","0102-6712;2179-975X","Acta Limnologica Brasiliensia","Biological Sciences","0","0","1","0","0","0","0","0","0","current","2011-04","2011","04","","current",""
"2018-02-10","journal","scl","0100-0683","1806-9657","Revista Brasileira de Ciência do Solo","Agricultural Sciences","1","0","0","0","0","0","0","0","0","current","2003-08-05","2003","08","05","current",""
"2018-02-10","journal","scl","0036-4665","1678-9946","Revista do Instituto de Medicina Tropical de São Paulo","Biological Sciences;Health Sciences","0","0","1","0","0","1","0","0","0","current","1997-04-24","1997","04","24","current",""
"2018-02-10","journal","scl","1808-1657","1808-1657","Arquivos do Instituto Biológico","Agricultural Sciences","1","0","0","0","0","0","0","0","0","current","2013-06","2013","06","","current",""
"2018-02-10","journal","scl","0100-6762","1806-9088","Revista Árvore","Agricultural Sciences","1","0","0","0","0","0","0","0","0","current","2002-12-09","2002","12","09","current",""
"2018-02-10","journal","scl","0073-4721","0073-4721;1678-4766","Iheringia. Série Zoologia","Biological Sciences","0","0","1","0","0","0","0","0","0","current","2002-06-24","2002","06","24","current",""
"2018-02-10","journal","scl","2317-6431","2317-6431","Audiology - Communication Research","Health Sciences","0","0","0","0","0","1","0","0","0","current","2013-06","2013","06","","current",""
"2018-02-10","journal","scl","0100-8358","0100-8358;1806-9681","Planta Daninha","Agricultural Sciences","1","0","0","0","0","0","0","0","0","current","2004-04-20","2004","04","20","current",""
"2018-02-10","journal","scl","0080-6234","0080-6234;1980-220X","Revista da Escola de Enfermagem da USP","Health Sciences","0","0","0","0","0","1","0","0","0","current","2007-08-06","2007","08","06","current",""
"2018-02-10","journal","scl","1807-7692","1807-7692","BAR - Brazilian Administration Review","Applied Social Sciences","0","1","0","0","0","0","0","0","0","current","2010-01","2010","01","","current",""
"2018-02-10","journal","scl","0102-311X","1678-4464","Cadernos de Saúde Pública","Health Sciences","0","0","0","0","0","1","0","0","0","current","1999-07-02","1999","07","02","current",""
"2018-02-10","journal","scl","0100-879X","1414-431X","Brazilian Journal of Medical and Biological Research","Biological Sciences;Health Sciences","0","0","1","0","0","1","0","0","0","current","1997-04-24","1997","04","24","current",""
"2018-02-10","journal","scl","1984-8250","2175-9790","Brazilian Journal of Pharmaceutical Sciences","Health Sciences","0","0","0","0","0","1","0","0","0","current","2009-09","2009","09","","current",""
"2018-02-10","journal","scl","0102-6909","1806-9053","Revista Brasileira de Ciências Sociais","Human Sciences","0","0","0","0","0","0","1","0","0","current","1998-10-16","1998","10","16","current",""
"2018-02-10","journal","scl","0102-7972","0102-7972;1678-7153","Psicologia: Reflexão e Crítica","Human Sciences","0","0","0","0","0","0","1","0","0","current","1999-06-22","1999","06","22","current",""
"2018-02-10","journal","scl","1806-8324","1807-3107","Brazilian Oral Research","Health Sciences","0","0","0","0","0","1","0","0","0","current","2004-09-20","2004","09","20","current",""
"2018-02-10","journal","scl","0103-6513","0103-6513;1980-5411","Production","Engineering","0","0","0","1","0","0","0","0","0","current","2006-03-13","2006","03","13","current",""
"2018-02-10","journal","scl","0103-8478","1678-4596","Ciência Rural","Agricultural Sciences","1","0","0","0","0","0","0","0","0","current","2002-04-25","2002","04","25","current",""
"2018-02-10","journal","scl","1981-3821","1981-3821","Brazilian Political Science Review","Human Sciences","0","0","0","0","0","0","1","0","0","current","2013-08","2013","08","","current",""
"2018-02-10","journal","scl","0104-0707","0104-0707;1980-265X","Texto & Contexto - Enfermagem","Health Sciences","0","0","0","0","0","1","0","0","0","current","2007-07-26","2007","07","26","current",""
"2018-02-10","journal","scl","1809-6891","1518-2797;1809-6891","Ciência Animal Brasileira","Agricultural Sciences","1","0","0","0","0","0","0","0","0","current","2013-09","2013","09","","current",""
"2018-02-10","journal","scl","0104-1169","1518-8345","Revista Latino-Americana de Enfermagem","Health Sciences","0","0","0","0","0","1","0","0","0","current","2002-02-14","2002","02","14","current",""
"2018-02-10","journal","scl","2317-1782","2317-1782","CoDAS","Health Sciences","0","0","0","0","0","1","0","0","0","current","2013-04","2013","04","","current",""
"2018-02-10","journal","scl","0303-7657","0303-7657;2317-6369","Revista Brasileira de Saúde Ocupacional","Health Sciences","0","0","0","0","0","1","0","0","0","current","2012-05","2012","05","","current",""
"2018-02-10","journal","scl","2448-2455","2448-2455","Journal of Physical Education","Health Sciences","0","0","0","0","0","1","0","0","0","current","2016","2016","","","current",""
"2018-02-10","journal","scl","1414-8145","1414-8145;2177-9465","Escola Anna Nery","Health Sciences","0","0","0","0","0","1","0","0","0","current","2010-06","2010","06","","current",""
"2018-02-10","journal","scl","1678-9199","1678-9199","Journal of Venomous Animals and Toxins including Tropical Diseases","Agricultural Sciences;Biological Sciences;Health Sciences","1","0","1","0","0","1","0","0","1","current","2003-12-03","2003","12","03","current",""
"2018-02-10","journal","scl","1516-8913","1678-4324","Brazilian Archives of Biology and Technology","Agricultural Sciences;Biological Sciences;Engineering;Health Sciences","1","0","1","1","0","1","0","0","1","current","2001-09-13","2001","09","13","current",""
"2018-02-10","journal","scl","1984-2201","1984-2201","Mercator (Fortaleza)","Human Sciences","0","0","0","0","0","0","1","0","0","current","2015","2015","","","current",""
"2018-02-10","journal","scl","1517-7076","1517-7076","Matéria (Rio de Janeiro)","Engineering","0","0","0","1","0","0","0","0","0","current","2007-03-01","2007","03","01","current",""
"2018-02-10","journal","scl","1980-6574","1980-6574","Motriz: Revista de Educação Física","Health Sciences","0","0","0","0","0","1","0","0","0","current","2011-05","2011","05","","current",""
"2018-02-10","journal","scl","1676-0603","1676-0611","Biota Neotropica","Biological Sciences","0","0","1","0","0","0","0","0","0","current","2006-04-13","2006","04","13","current",""
"2018-02-10","journal","scl","1679-6225","1679-6225;1982-0224","Neotropical Ichthyology","Biological Sciences","0","0","1","0","0","0","0","0","0","current","2007-06-11","2007","06","11","current",""
"2018-02-10","journal","scl","2318-0331","2318-0331","RBRH","Engineering","0","0","0","1","0","0","0","0","0","current","2016-07","2016","07","","current",""
"2018-02-10","journal","scl","1806-1117","1806-1117;1806-9126","Revista Brasileira de Ensino de Física","Human Sciences","0","0","0","0","0","0","1","0","0","current","2002-07-19","2002","07","19","current",""
"2018-02-10","journal","scl","1983-1447","1983-1447","Revista Gaúcha de Enfermagem","Health Sciences","0","0","0","0","0","1","0","0","0","current","2010-09","2010","09","","current",""
"2018-02-10","journal","scl","1984-4670","1984-4670;1984-4689","Zoologia (Curitiba)","Biological Sciences","0","0","1","0","0","0","0","0","0","current","2009-05-05","2009","05","05","current",""
"2018-02-10","journal","scl","1415-4757","1415-4757;1678-4685","Genetics and Molecular Biology","Biological Sciences","0","0","1","0","0","0","0","0","0","current","1998-12-16","1998","12","16","current",""
"2018-02-10","journal","scl","1809-4341","1809-4341","Vibrant: Virtual Brazilian Anthropology","Human Sciences","0","0","0","0","0","0","1","0","0","current","2012-06","2012","06","","current",""
"2018-02-10","journal","scl","1413-8271","2175-3563","Psico-USF","Human Sciences","0","0","0","0","0","0","1","0","0","current","2009-09","2009","09","","current",""
"2018-02-10","journal","scl","1413-8557","2175-3539","Psicologia Escolar e Educacional","Human Sciences","0","0","0","0","0","0","1","0","0","current","2010-10-06","2010","10","06","current",""
"2018-02-10","journal","scl","1678-8621","1678-8621","Ambiente Construído","Engineering","0","0","0","1","0","0","0","0","0","current","2011-05","2011","05","","current",""
"2018-02-10","journal","scl","0101-9074","1980-4369","História (São Paulo)","Human Sciences","0","0","0","0","0","0","1","0","0","current","2006-02-02","2006","02","02","current",""
"2018-02-10","journal","scl","1415-9848","1415-9848;1980-5527","Revista de Economia Contemporânea","Applied Social Sciences","0","1","0","0","0","0","0","0","0","current","2006-06-23","2006","06","23","current",""
"2018-02-10","journal","scl","0004-282X","0004-282X;1678-4227","Arquivos de Neuro-Psiquiatria","Health Sciences","0","0","0","0","0","1","0","0","0","current","2000-03-21","2000","03","21","current",""
"2018-02-10","journal","scl","1413-3555","1413-3555;1809-9246","Brazilian Journal of Physical Therapy","Health Sciences","0","0","0","0","0","1","0","0","0","suspended","2006-08-03","2006","08","03","current",""
"2018-02-10","journal","scl","1413-3555","1413-3555;1809-9246","Brazilian Journal of Physical Therapy","Health Sciences","0","0","0","0","0","1","0","0","0","suspended","2017-06-30","2017","06","30","suspended","suspended-by-committee"
"2018-02-10","journal","scl","0100-5405","0100-5405;1980-5454","Summa Phytopathologica","Agricultural Sciences","1","0","0","0","0","0","0","0","0","current","2006-10-11","2006","10","11","current",""
"2018-02-10","journal","scl","1807-5509","1807-5509;1981-4690","Revista Brasileira de Educação Física e Esporte","Health Sciences","0","0","0","0","0","1","0","0","0","suspended","2011-03","2011","03","","current",""
"2018-02-10","journal","scl","1807-5509","1807-5509;1981-4690","Revista Brasileira de Educação Física e Esporte","Health Sciences","0","0","0","0","0","1","0","0","0","suspended","2017-07-05","2017","07","05","suspended","suspended-by-committee"
"2018-02-10","journal","scl","1517-7599","1517-7599;2317-6377","Per Musi","Linguistics, Letters and Arts","0","0","0","0","0","0","0","1","0","suspended","2011-01","2011","01","","current",""
"2018-02-10","journal","scl","1517-7599","1517-7599;2317-6377","Per Musi","Linguistics, Letters and Arts","0","0","0","0","0","0","0","1","0","suspended","2017-07-03","2017","07","03","suspended","suspended-by-committee"
"2018-02-10","journal","scl","1982-4513","1982-4513","Sociedade & Natureza","Human Sciences","0","0","0","0","0","0","1","0","0","suspended","2009-04-14","2009","04","14","current",""
"2018-02-10","journal","scl","1982-4513","1982-4513","Sociedade & Natureza","Human Sciences","0","0","0","0","0","0","1","0","0","suspended","2017-07-03","2017","07","03","suspended","suspended-by-committee"
"2018-02-10","journal","scl","0104-4060","0104-4060;1984-0411","Educar em Revista","Human Sciences","0","0","0","0","0","0","1","0","0","current","2007-05-21","2007","05","21","current",""
"2018-02-10","journal","scl","2359-5647","2359-4802;2359-5647","International Journal of Cardiovascular Sciences","Health Sciences","0","0","0","0","0","1","0","0","0","current","2017-07","2017","07","","current",""
"2018-02-10","journal","scl","0102-7182","0102-7182;1807-0310","Psicologia & Sociedade","Human Sciences","0","0","0","0","0","0","1","0","0","current","2003-08-05","2003","08","05","current",""
"2018-02-10","journal","scl","0100-204X","0100-204X;1678-3921","Pesquisa Agropecuária Brasileira","Agricultural Sciences","1","0","0","0","0","0","0","0","0","current","2001-02-13","2001","02","13","current",""
"2018-02-10","journal","scl","0104-0618","0104-0618;1982-3533","Economia e Sociedade","Applied Social Sciences","0","1","0","0","0","0","0","0","0","current","2007-10-09","2007","10","09","current",""
"2018-02-10","journal","scl","1984-7726","0101-3335;1984-7726","Letras de Hoje","Linguistics, Letters and Arts","0","0","0","0","0","0","0","1","0","current","2017","2017","","","current",""
"2018-02-10","journal","scl","1677-3225","1677-3217;1677-3225","Brazilian Journal of Oral Sciences","Health Sciences","0","0","0","0","0","1","0","0","0","suspended","2013-06","2013","06","","current",""
"2018-02-10","journal","scl","1677-3225","1677-3217;1677-3225","Brazilian Journal of Oral Sciences","Health Sciences","0","0","0","0","0","1","0","0","0","suspended","2016-08","2016","08","","suspended","suspended-by-committee"
"2018-02-10","journal","scl","0101-2061","0101-2061;1678-457X","Food Science and Technology","Agricultural Sciences","1","0","0","0","0","0","0","0","0","current","1998-10-16","1998","10","16","current",""
"2018-02-10","journal","scl","2179-8966","2179-8966","Revista Direito e Práxis","Applied Social Sciences","0","1","0","0","0","0","0","0","0","current","2017-07","2017","07","","current",""
"2018-02-10","journal","scl","1809-2950","2316-9117","Fisioterapia e Pesquisa","Health Sciences","0","0","0","0","0","1","0","0","0","current","2012-02","2012","02","","current",""
"2018-02-10","journal","scl","0104-8333","1809-4449","Cadernos Pagu","Human Sciences","0","0","0","0","0","0","1","0","0","current","2005-10-05","2005","10","05","current",""
"2018-02-10","journal","scl","0034-8910","1518-8787","Revista de Saúde Pública","Health Sciences","0","0","0","0","0","1","0","0","0","current","1998-04-30","1998","04","30","current",""
"2018-02-10","journal","scl","0101-3157","0101-3157;1809-4538","Brazilian Journal of Political Economy","Applied Social Sciences;Human Sciences","0","1","0","0","0","0","1","0","0","current","2005-08-22","2005","08","22","current",""
"2018-02-10","journal","scl","1415-4714","1415-4714;1984-0381","Revista Latinoamericana de Psicopatologia Fundamental","Human Sciences","0","0","0","0","0","0","1","0","0","current","2008-07-28","2008","07","28","current",""
"2018-02-10","journal","scl","1413-294X","1678-4669","Estudos de Psicologia (Natal)","Human Sciences","0","0","0","0","0","0","1","0","0","suspended","2001-03-30","2001","03","30","current",""
"2018-02-10","journal","scl","1413-294X","1678-4669","Estudos de Psicologia (Natal)","Human Sciences","0","0","0","0","0","0","1","0","0","suspended","2017-07-05","2017","07","05","suspended","suspended-by-committee"
"2018-02-10","journal","scl","1983-2117","1415-2150;1983-2117","Ensaio Pesquisa em Educação em Ciências (Belo Horizonte)","Human Sciences","0","0","0","0","0","0","1","0","0","current","2015-02","2015","02","","current",""
"2018-02-10","journal","scl","0103-636X","0103-636X;1980-4415","Bolema: Boletim de Educação Matemática","Human Sciences","0","0","0","0","0","0","1","0","0","current","2012-06","2012","06","","current",""
"2018-02-10","journal","scl","1413-7852","1413-7852;1809-4406","Acta Ortopédica Brasileira","Health Sciences","0","0","0","0","0","1","0","0","0","current","2003-01-31","2003","01","31","current",""
"2018-02-10","journal","scl","1414-3283","1807-5762","Interface - Comunicação, Saúde, Educação","Health Sciences;Human Sciences","0","0","0","0","0","1","1","0","0","current","2005-08-30","2005","08","30","current",""
"2018-02-10","journal","scl","0004-2803","0004-2803;1678-4219","Arquivos de Gastroenterologia","Health Sciences","0","0","0","0","0","1","0","0","0","current","2001-11-20","2001","11","20","current",""
"2018-02-10","journal","scl","0104-7183","0104-7183;1806-9983","Horizontes Antropológicos","Human Sciences","0","0","0","0","0","0","1","0","0","current","2004-01-28","2004","01","28","current",""
"2018-02-10","journal","scl","0102-3772","0102-3772;1806-3446","Psicologia: Teoria e Pesquisa","Human Sciences","0","0","0","0","0","0","1","0","0","current","2001-05-10","2001","05","10","current",""
"2018-02-10","journal","scl","1807-8672","1806-2636;1807-8672","Acta Scientiarum. Animal Sciences","Agricultural Sciences","1","0","0","0","0","0","0","0","0","current","2012-08","2012","08","","current",""
"2018-02-10","journal","scl","1981-6723","1981-6723","Brazilian Journal of Food Technology","Agricultural Sciences","1","0","0","0","0","0","0","0","0","current","2012-02","2012","02","","current",""
"2018-02-10","journal","scl","1809-9823","1981-2256","Revista Brasileira de Geriatria e Gerontologia","Health Sciences;Human Sciences","0","0","0","0","0","1","1","0","0","current","2012-08","2012","08","","current",""
"2018-02-10","journal","scl","2175-7860","0370-6583;2175-7860","Rodriguésia","Biological Sciences","0","0","1","0","0","0","0","0","0","current","2013-02","2013","02","","current",""
"2018-02-10","journal","scl","1413-4152","1413-4152;1809-4457","Engenharia Sanitaria e Ambiental","Engineering","0","0","0","1","0","0","0","0","0","current","2005-07-15","2005","07","15","current",""
"2018-02-10","journal","scl","1519-3829","1806-9304","Revista Brasileira de Saúde Materno Infantil","Health Sciences","0","0","0","0","0","1","0","0","0","current","2003-09-03","2003","09","03","current",""
"2018-02-10","journal","scl","0366-6913","0366-6913;1678-4553","Cerâmica","Engineering","0","0","0","1","0","0","0","0","0","current","1999-09-01","1999","09","01","current",""
"2018-02-10","journal","scl","0103-507X","0103-507X;1982-4335","Revista Brasileira de Terapia Intensiva","Health Sciences","0","0","0","0","0","1","0","0","0","current","2007-09-06","2007","09","06","current",""
"2018-02-10","journal","scl","2175-9146","1984-9648;2175-9146","Journal of Aerospace Technology and Management","Engineering","0","0","0","1","0","0","0","0","0","current","2016-07","2016","07","","current",""
"2018-02-10","journal","scl","0100-512X","0100-512X;1981-5336","Kriterion: Revista de Filosofia","Human Sciences","0","0","0","0","0","0","1","0","0","current","2006-02-03","2006","02","03","current",""
"2018-02-10","journal","scl","1981-5794","0002-5216;1981-5794","Alfa: Revista de Linguística (São José do Rio Preto)","Linguistics, Letters and Arts","0","0","0","0","0","0","0","1","0","current","2012-08","2012","08","","current",""
"2018-02-10","journal","scl","1517-106X","1517-106X;1807-0299","Alea: Estudos Neolatinos","Linguistics, Letters and Arts","0","0","0","0","0","0","0","1","0","current","2004-06-30","2004","06","30","current",""
"2018-02-10","journal","scl","1984-0292","1984-0292","Fractal: Revista de Psicologia","Human Sciences","0","0","0","0","0","0","1","0","0","current","2008-10-28","2008","10","28","current",""
"2018-02-10","journal","scl","1980-8585","1980-8585;2237-9843","REMHU: Revista Interdisciplinar da Mobilidade Humana","Applied Social Sciences;Human Sciences","0","1","0","0","0","0","1","0","0","current","2013-03","2013","03","","current",""
"2018-02-10","journal","scl","1806-4892","1983-0807;1806-4892","Revista Brasileira de Gestão de Negócios","Applied Social Sciences","0","1","0","0","0","0","0","0","0","current","2017-02","2017","02","","current",""
"2018-02-10","journal","scl","0104-1428","0104-1428;1678-5169","Polímeros","Engineering","0","0","0","1","0","0","0","0","0","current","2000-10-26","2000","10","26","current",""
"2018-02-10","journal","scl","0104-6497","2358-2936","Nauplius","Biological Sciences","0","0","1","0","0","0","0","0","0","current","2013-09","2013","09","","current",""
"2018-02-10","journal","scl","2179-8087","1415-0980;2179-8087","Floresta e Ambiente","Agricultural Sciences","1","0","0","0","0","0","0","0","0","current","2013-07","2013","07","","current",""
"2018-02-10","journal","scl","0034-7612","0034-7612;1982-3134","Revista de Administração Pública","Applied Social Sciences","0","1","0","0","0","0","0","0","0","current","2006-06-08","2006","06","08","current",""
"2018-02-10","journal","scl","0001-3765","0001-3765;1678-2690","Anais da Academia Brasileira de Ciências","Agricultural Sciences;Biological Sciences;Engineering;Exact and Earth Sciences;Health Sciences;Human Sciences","1","0","1","1","1","1","1","0","1","current","2000-07-21","2000","07","21","current",""
"2018-02-10","journal","scl","1679-3951","1679-3951","Cadernos EBAPE.BR","Applied Social Sciences","0","1","0","0","0","0","0","0","0","current","2009-10","2009","10","","current",""
"2018-02-10","journal","scl","0101-2800","0101-2800;2175-8239","Jornal Brasileiro de Nefrologia","Health Sciences","0","0","0","0","0","1","0","0","0","current","2010-04","2010","04","","current",""
"2018-02-10","journal","scl","1519-6089","1519-6089;1984-7289","Civitas - Revista de Ciências Sociais","Human Sciences","0","0","0","0","0","0","1","0","0","current","2017-11","2017","11","","current",""
"2018-02-10","journal","scl","0101-3300","0101-3300;1980-5403","Novos estudos CEBRAP","Human Sciences","0","0","0","0","0","0","1","0","0","suspended","2006-02-10","2006","02","10","current",""
"2018-02-10","journal","scl","0101-3300","0101-3300;1980-5403","Novos estudos CEBRAP","Human Sciences","0","0","0","0","0","0","1","0","0","suspended","2015-09","2015","09","","suspended","suspended-by-committee"
"2018-02-10","journal","scl","0102-3098","0102-3098;1980-5519","Revista Brasileira de Estudos de População","Applied Social Sciences","0","1","0","0","0","0","0","0","0","current","2006-08-07","2006","08","07","current",""
"2018-02-10","journal","scl","0034-7329","1983-3121","Revista Brasileira de Política Internacional","Human Sciences","0","0","0","0","0","0","1","0","0","current","2007-10-15","2007","10","15","current",""
"2018-02-10","journal","scl","0101-3262","0101-3262;1678-7110","Cadernos CEDES","Human Sciences","0","0","0","0","0","0","1","0","0","current","1999-04-19","1999","04","19","current",""
"2018-02-10","journal","scl","0100-5502","0100-5502;1981-5271","Revista Brasileira de Educação Médica","Human Sciences","0","0","0","0","0","0","1","0","0","current","2006-12-11","2006","12","11","current",""
"2018-02-10","journal","scl","1983-8042","1983-8042;1983-8034","Revista Bioética","Health Sciences;Human Sciences","0","0","0","0","0","1","1","0","0","current","2013-10","2013","10","","current",""
"2018-02-10","journal","scl","1516-4446","1516-4446;1809-452X","Revista Brasileira de Psiquiatria","Health Sciences","0","0","0","0","0","1","0","0","0","current","2000-03-15","2000","03","15","current",""
"2018-02-10","journal","scl","2238-3875","2236-7527;2238-3875","Sociologia & Antropologia","Human Sciences","0","0","0","0","0","0","1","0","0","current","2016-06","2016","06","","current",""
"2018-02-10","journal","scl","0006-8705","0006-8705;1678-4499","Bragantia","Agricultural Sciences","1","0","0","0","0","0","0","0","0","current","1998-12-07","1998","12","07","current",""
"2018-02-10","journal","scl","0100-2945","0100-2945;1806-9967","Revista Brasileira de Fruticultura","Agricultural Sciences","1","0","0","0","0","0","0","0","0","current","2002-04-09","2002","04","09","current",""
"2018-02-10","journal","scl","1678-7757","1678-7757;1678-7765","Journal of Applied Oral Science","Health Sciences","0","0","0","0","0","1","0","0","0","current","2004-06-04","2004","06","04","current",""
"2018-02-10","journal","scl","1678-5320","1678-5320;2178-0447","ARS (São Paulo)","Linguistics, Letters and Arts","0","0","0","0","0","0","0","1","0","current","2010","2010","","","current",""
"2018-02-10","journal","scl","1678-5320","1678-5320;2178-0447","ARS (São Paulo)","Linguistics, Letters and Arts","0","0","0","0","0","0","0","1","0","current","2013-10","2013","10","","suspended","suspended-by-committee"
"2018-02-10","journal","scl","1678-5320","1678-5320;2178-0447","ARS (São Paulo)","Linguistics, Letters and Arts","0","0","0","0","0","0","0","1","0","current","2016-05","2016","05","","current",""
"2018-02-10","journal","scl","1413-2478","1413-2478;1809-449X","Revista Brasileira de Educação","Human Sciences","0","0","0","0","0","0","1","0","0","current","2005-10-03","2005","10","03","current",""
"2018-02-10","journal","scl","2236-8906","0073-2877;2236-8906","Hoehnea","Biological Sciences","0","0","1","0","0","0","0","0","0","current","2012-05","2012","05","","current",""
"2018-02-10","journal","scl","0104-026X","0104-026X;1806-9584","Revista Estudos Feministas","Human Sciences","0","0","0","0","0","0","1","0","0","current","2002-04-08","2002","04","08","current",""
"2018-02-10","journal","scl","2358-1883","2358-1883","Trends in Psychology","Human Sciences","0","0","0","0","0","0","1","0","0","current","2017-11","2017","11","","current",""
"2018-02-10","journal","scl","0102-4698","0102-4698;1982-6621","Educação em Revista","Human Sciences","0","0","0","0","0","0","1","0","0","current","2008-01-02","2008","01","02","current",""
"2018-02-10","journal","scl","2237-9622","1679-4974;2237-9622","Epidemiologia e Serviços de Saúde","Health Sciences","0","0","0","0","0","1","0","0","0","current","2015-01","2015","01","","current",""
"2018-02-10","journal","scl","1980-993X","1980-993X","Revista Ambiente & Água","Agricultural Sciences;Biological Sciences;Engineering;Exact and Earth Sciences;Human Sciences","1","0","1","1","1","0","1","0","1","current","2013-10","2013","10","","current",""
"2018-02-10","journal","scl","0031-1049","0031-1049;1807-0205","Papéis Avulsos de Zoologia","Biological Sciences","0","0","1","0","0","0","0","0","0","current","2003-01-08","2003","01","08","current",""
"2018-02-10","journal","scl","0031-1049","0031-1049;1807-0205","Papéis Avulsos de Zoologia","Biological Sciences","0","0","1","0","0","0","0","0","0","current","2016-08","2016","08","","suspended","suspended-by-committee"
"2018-02-10","journal","scl","0031-1049","0031-1049;1807-0205","Papéis Avulsos de Zoologia","Biological Sciences","0","0","1","0","0","0","0","0","0","current","2017-12","2017","12","","current",""
"2018-02-10","journal","scl","1413-6538","1413-6538;1980-5470","Revista Brasileira de Educação Especial","Human Sciences","0","0","0","0","0","0","1","0","0","current","2006-06-08","2006","06","08","current",""
"2018-02-10","journal","scl","0102-0188","0102-0188;1806-9347","Revista Brasileira de História","Human Sciences","0","0","0","0","0","0","1","0","0","current","1998-10-16","1998","10","16","current",""
"2018-02-10","journal","scl","0103-3786","2318-0889","Transinformação","Applied Social Sciences","0","1","0","0","0","0","0","0","0","current","2013-04","2013","04","","current",""
"2018-02-10","journal","scl","1807-8621","1679-9275;1807-8621","Acta Scientiarum. Agronomy","Agricultural Sciences","1","0","0","0","0","0","0","0","0","current","2011-03","2011","03","","current",""
"2018-02-10","journal","scl","1807-5932","1807-5932;1980-5322","Clinics","Health Sciences","0","0","0","0","0","1","0","0","0","current","2005-02-15","2005","02","15","current",""
"2018-02-10","journal","scl","1517-9702","1517-9702;1678-4634","Educação e Pesquisa","Human Sciences","0","0","0","0","0","0","1","0","0","current","2001-11-05","2001","11","05","current",""
"2018-02-10","journal","scl","0074-0276","0074-0276;1678-8060","Memórias do Instituto Oswaldo Cruz","Biological Sciences;Health Sciences","0","0","1","0","0","1","0","0","0","current","1997-04-24","1997","04","24","current",""
