"Título do Periódico (publication_title)","ISSN impresso (print_identifier)","ISSN online (online_identifier)","Data do primeiro fascículo (date_first_issue_online)","volume do primeiro fascículo (num_first_vol_online)","número do primeiro fascículo (num_first_issue_online)","Data do último fascículo publicado (date_last_issue_online)","volume do último fascículo publicado (num_last_vol_online)","número do último fascículo publicado (num_last_issue_online)","url de fascículos (title_url)","primeiro autor (first_author)","ID do periódico no SciELO (title_id)","informação de embargo (embargo_info)","cobertura (coverage_depth)","informação sobre cobertura (coverage_notes)","nome do publicador (publisher_name)","tipo de publicação (publication_type)","data de publicação monográfica impressa (date_monograph_published_print)","data de publicação monográfica online (date_monograph_published_online)","volume de monografia (monograph_volume)","edição de monografia (monograph_edition)","primeiro editor (first_editor)","ID de publicação pai (parent_publication_title_id)","ID de publicação prévia (preceding_publication_title_id)","tipo de acesso (access_type)"
"RAE eletrônica","","1676-5648","2002-06","1","1","2010-12","9","2","http://www.scielo.br/scielo.php?script=sci_issues&pid=1676-5648&lng=en","","1676-5648","","","","Fundação Getulio Vargas/Escola de Administração de Empresas de São Paulo","Serial","","","","","","","","F"
"Revista de Psiquiatria do Rio Grande do Sul","0101-8108","","2003-08","25","2","2011-08-12","33","2","http://www.scielo.br/scielo.php?script=sci_issues&pid=0101-8108&lng=en","","0101-8108","","","","Sociedade de Psiquiatria do Rio Grande do Sul","Serial","","","","","","","","F"
"Revista de Antropologia","0034-7701","","1997","40","1","2007-06","50","1","http://www.scielo.br/scielo.php?script=sci_issues&pid=0034-7701&lng=en","","0034-7701","","","","Departamento de Antropologia, Faculdade de Filosofia, Letras e Ciências Humanas, Universidade de São Paulo - FFLCH/USP","Serial","","","","","","","","F"
"Revista Brasileira de Geofísica","0102-261X","","1997-03","15","1","2011-06","29","2","http://www.scielo.br/scielo.php?script=sci_issues&pid=0102-261X&lng=en","","0102-261X","","","","Sociedade Brasileira de Geofísica","Serial","","","","","","","","F"
"Revista Brasileira de Ciências Farmacêuticas","1516-9332","","2002-03","38","1","2008-12","44","4","http://www.scielo.br/scielo.php?script=sci_issues&pid=1516-9332&lng=en","","1516-9332","","","","Divisão de Biblioteca e Documentação do Conjunto das Químicas da Universidade de São Paulo","Serial","","","","","","","","F"
"Pró-Fono Revista de Atualização Científica","0104-5687","","2005-08","17","2","2010-12","22","4","http://www.scielo.br/scielo.php?script=sci_issues&pid=0104-5687&lng=en","","0104-5687","","","","Pró-Fono Produtos Especializados para Fonoaudiologia Ltda.","Serial","","","","","","","","F"
"Sba: Controle & Automação Sociedade Brasileira de Automatica","0103-1759","","2002-04","13","1","2012-12","23","6","http://www.scielo.br/scielo.php?script=sci_issues&pid=0103-1759&lng=en","","0103-1759","","","","Sociedade Brasileira de Automática","Serial","","","","","","","","F"
"Revista Brasileira de Zoologia","0101-8175","","1982","1","3","2008-12","25","4","http://www.scielo.br/scielo.php?script=sci_issues&pid=0101-8175&lng=en","","0101-8175","","","","Sociedade Brasileira de Zoologia","Serial","","","","","","","","F"
"Revista Brasileira de Sementes","0101-3122","","2002","24","1","2012-06","34","2","http://www.scielo.br/scielo.php?script=sci_issues&pid=0101-3122&lng=en","","0101-3122","","","","Associação Brasileira de Tecnologia de Sementes","Serial","","","","","","","","F"
"Jornal da Sociedade Brasileira de Fonoaudiologia","","2179-6491","2011","23","2","2012","24","1","http://www.scielo.br/scielo.php?script=sci_issues&pid=2179-6491&lng=en","","2179-6491","","","","Sociedade Brasileira de Fonoaudiologia","Serial","","","","","","","","F"
"Revista Odonto Ciência","","1980-6523","2010","25","3","2012","27","1","http://www.scielo.br/scielo.php?script=sci_issues&pid=1980-6523&lng=en","","1980-6523","","","","Pontifícia Universidade Católica do Rio Grande do Sul","Serial","","","","","","","","F"
"Boletim do Instituto Oceanográfico","0373-5524","","1952-12","3","1-2","1995","43","1","http://www.scielo.br/scielo.php?script=sci_issues&pid=0373-5524&lng=en","","0373-5524","","","","Instituto Oceanográfico da Universidade de São Paulo","Serial","","","","","","","","F"
"Boletim do Instituto Paulista de Oceanografia","0100-4239","","1950-06","1","1","1951-12","2","2","http://www.scielo.br/scielo.php?script=sci_issues&pid=0100-4239&lng=en","","0100-4239","","","","Instituto Oceanográfico da Universidade de São Paulo","Serial","","","","","","","","F"
"Journal of the Brazilian Society of Mechanical Sciences","0100-7386","","1999-09","21","3","2002-11","24","4","http://www.scielo.br/scielo.php?script=sci_issues&pid=0100-7386&lng=en","","0100-7386","","","","The Brazilian Society of Mechanical Sciences","Serial","","","","","","","","F"
"Revista Brasileira de Biologia","0034-7108","","1998-08","58","3","2001-05","61","2","http://www.scielo.br/scielo.php?script=sci_issues&pid=0034-7108&lng=en","","0034-7108","","","","Instituto Internacional de Ecologia","Serial","","","","","","","","F"
"Revista da Faculdade de Educação","0102-2555","","1997-01","23","1-2","1998-07","24","2","http://www.scielo.br/scielo.php?script=sci_issues&pid=0102-2555&lng=en","","0102-2555","","","","Faculdade de Educação da Universidade de São Paulo","Serial","","","","","","","","F"
"Revista do Departamento de Psicologia. UFF","0104-8023","","2005-06","17","1","2007-12","19","2","http://www.scielo.br/scielo.php?script=sci_issues&pid=0104-8023&lng=en","","0104-8023","","","","Universidade Federal Fluminense, Departamento de Psicologia","Serial","","","","","","","","F"
"Pesquisa Odontológica Brasileira","1517-7491","","2000-03","14","1","2003-12","17","4","http://www.scielo.br/scielo.php?script=sci_issues&pid=1517-7491&lng=en","","1517-7491","","","","Sociedade Brasileira de Pesquisa Odontológica e Faculdade de Odontologia da Universidade de São Paulo","Serial","","","","","","","","F"
"Revista Brasileira de Fisiologia Vegetal","0103-3131","","2000","12","3","2001","13","1","http://www.scielo.br/scielo.php?script=sci_issues&pid=0103-3131&lng=en","","0103-3131","","","","Sociedade Brasileira de Fisiologia Vegetal","Serial","","","","","","","","F"
"Revista de Odontologia da Universidade de São Paulo","0103-0663","","1997-04","11","2","1999-12","13","4","http://www.scielo.br/scielo.php?script=sci_issues&pid=0103-0663&lng=en","","0103-0663","","","","Universidade de São Paulo","Serial","","","","","","","","F"
"Revista Brasileira de Oceanografia","1413-7739","","1996","44","1","2003","51","unico","http://www.scielo.br/scielo.php?script=sci_issues&pid=1413-7739&lng=en","","1413-7739","","","","Instituto Oceanográfico da Universidade de São Paulo","Serial","","","","","","","","F"
"Revista Brasileira de Cirurgia Plástica","1983-5175","","2010-09","25","3","2013-06","28","2","http://www.scielo.br/scielo.php?script=sci_issues&pid=1983-5175&lng=en","","1983-5175","","","","Sociedade Brasileira de Cirurgia Plástica","Serial","","","","","","","","F"
"Revista da Sociedade Brasileira de Fonoaudiologia","1516-8034","1982-0232","2007-03","12","1","2012-12","17","4","http://www.scielo.br/scielo.php?script=sci_issues&pid=1516-8034&lng=en","","1516-8034","","","","Sociedade Brasileira de Fonoaudiologia","Serial","","","","","","","","F"
"urbe. Revista Brasileira de Gestão Urbana","","2175-3369","2012-06","4","1","","","","http://www.scielo.br/scielo.php?script=sci_issues&pid=2175-3369&lng=en","","2175-3369","","","","Pontifícia Universidade Católica do Paraná","Serial","","","","","","","","F"
"Revista de Microbiologia","0001-3714","","1998-09","29","3","1999-12","30","4","http://www.scielo.br/scielo.php?script=sci_issues&pid=0001-3714&lng=en","","0001-3714","","","","Sociedade Brasileira de Microbiologia","Serial","","","","","","","","F"
"Revista Brasileira de Ciência Avícola","1516-635X","1806-9061","2000-04","2","1","","","","http://www.scielo.br/scielo.php?script=sci_issues&pid=1516-635X&lng=en","","1516-635X","","","","Fundação APINCO de Ciência e Tecnologia Avícolas","Serial","","","","","","","","F"
"Neotropical Entomology","1519-566X","1678-8052","2001-03","30","1","2011-12","40","6","http://www.scielo.br/scielo.php?script=sci_issues&pid=1519-566X&lng=en","","1519-566X","","","","Sociedade Entomológica do Brasil","Serial","","","","","","","","F"
"Anais da Escola Superior de Agricultura Luiz de Queiroz","0071-1276","2316-8935","1944","1","","1991","48","","http://www.scielo.br/scielo.php?script=sci_issues&pid=0071-1276&lng=en","","0071-1276","","","","Universidade de São Paulo Escola Superior de Agricultura","Serial","","","","","","","","F"
"Crop Breeding and Applied Biotechnology","1518-7853","1984-7033","2010-09","10","3","","","","http://www.scielo.br/scielo.php?script=sci_issues&pid=1984-7033&lng=en","","1984-7033","","","","Crop Breeding and Applied Biotechnology","Serial","","","","","","","","F"
"Ciência da Informação","0100-1965","1518-8353","1997-01","26","1","2011-04","40","1","http://www.scielo.br/scielo.php?script=sci_issues&pid=0100-1965&lng=en","","0100-1965","","","","IBICT","Serial","","","","","","","","F"
"Jornal de Pneumologia","0102-3586","1678-4642","1999-04","25","2","2003-12","29","6","http://www.scielo.br/scielo.php?script=sci_issues&pid=0102-3586&lng=en","","0102-3586","","","","Sociedade Brasileira de Pneumologia e Tisiologia","Serial","","","","","","","","F"
"Jornal Brasileiro de Pneumologia","1806-3713","1806-3756","2004-02","30","1","","","","http://www.scielo.br/scielo.php?script=sci_issues&pid=1806-3713&lng=en","","1806-3713","","","","Sociedade Brasileira de Pneumologia e Tisiologia","Serial","","","","","","","","F"
"Fitopatologia Brasileira","0100-4158","1678-4677","2001-03","26","1","2007-12","32","6","http://www.scielo.br/scielo.php?script=sci_issues&pid=0100-4158&lng=en","","0100-4158","","","","Sociedade Brasileira de Fitopatologia","Serial","","","","","","","","F"
"Entomología y Vectores","0328-0381","1980-5349","2004-12","11","4","2005-06","12","2","http://www.scielo.br/scielo.php?script=sci_issues&pid=0328-0381&lng=en","","0328-0381","","","","Editora Gama Filho","Serial","","","","","","","","F"
"Journal of the Brazilian Society of Mechanical Sciences and Engineering","1678-5878","1806-3691","2003-03","25","1","2012-12","34","4","http://www.scielo.br/scielo.php?script=sci_issues&pid=1678-5878&lng=en","","1678-5878","","","","Associação Brasileira de Engenharia e Ciências Mecânicas - ABCM","Serial","","","","","","","","F"
"Eclética Química","0100-4670","1678-4618","1997","22","","2011","36","2","http://www.scielo.br/scielo.php?script=sci_issues&pid=0100-4670&lng=en","","0100-4670","","","","Fundação Editora da Universidade Estadual Paulista Júlio de Mesquita Filho - UNESP","Serial","","","","","","","","F"
"Brazilian Journal of Veterinary Research and Animal Science","1413-9596","1678-4456","1998","35","6","2004-11","41","6","http://www.scielo.br/scielo.php?script=sci_issues&pid=1413-9596&lng=en","","1413-9596","","","","Faculdade de Medicina Veterinária e Zootecnia / Universidade de São Paulo","Serial","","","","","","","","F"
"Brazilian Journal of Genetics","0100-8455","1678-4502","1996","19","4","1997-12","20","4","http://www.scielo.br/scielo.php?script=sci_issues&pid=0100-8455&lng=en","","0100-8455","","","","Sociedade Brasileira de Genética","Serial","","","","","","","","F"
"Journal of Epilepsy and Clinical Neurophysiology","1676-2649","1980-5365","2005","11","3","2012-03","18","1","http://www.scielo.br/scielo.php?script=sci_issues&pid=1676-2649&lng=en","","1676-2649","","","","Liga Brasileira de Epilepsia (LBE)","Serial","","","","","","","","F"
"Estudos Afro-Asiáticos","0101-546X","1678-4650","2000-12","","38","2003","25","1","http://www.scielo.br/scielo.php?script=sci_issues&pid=0101-546X&lng=en","","0101-546X","","","","Universidade Cândido Mendes","Serial","","","","","","","","F"
"Estudos Avançados","0103-4014","1806-9592","1987-12","1","1","","","","http://www.scielo.br/scielo.php?script=sci_issues&pid=0103-4014&lng=en","","0103-4014","","","","Instituto de Estudos Avançados da Universidade de São Paulo","Serial","","","","","","","","F"
"Journal of Venomous Animals and Toxins","0104-7930","1678-4936","1995","1","2","2002","8","1","http://www.scielo.br/scielo.php?script=sci_issues&pid=0104-7930&lng=en","","0104-7930","","","","Centro de Estudos de Venenos e Animais Peçonhentos - CEVAP, Universidade Estadual Paulista - UNESP","Serial","","","","","","","","F"
"Caderno de Estudos","1413-9251","2316-8943","1989-10","","1","2000-12","","24","http://www.scielo.br/scielo.php?script=sci_issues&pid=1413-9251&lng=en","","1413-9251","","","","Fundação Instituto de Pesquisas Contábeis, Atuariais e Financeiras","Serial","","","","","","","","F"
"Revista Brasileira de Farmacognosia","0102-695X","1981-528X","1986","1","1","","","","http://www.scielo.br/scielo.php?script=sci_issues&pid=0102-695X&lng=en","","0102-695X","","","","Sociedade Brasileira de Farmacognosia","Serial","","","","","","","","F"
"Sur. Revista Internacional de Direitos Humanos","1806-6445","1983-3342","2004","1","1","2009-12","6","11","http://www.scielo.br/scielo.php?script=sci_issues&pid=1806-6445&lng=en","","1806-6445","","","","Sur - Rede Universitária de Direitos Humanos","Serial","","","","","","","","F"
"São Paulo em Perspectiva","0102-8839","1806-9452","1999-09","13","3","2005-12","19","4","http://www.scielo.br/scielo.php?script=sci_issues&pid=0102-8839&lng=en","","0102-8839","","","","Fundação SEADE","Serial","","","","","","","","F"
"Soldagem & Inspeção","0104-9224","1980-6973","2009-03","14","1","","","","http://www.scielo.br/scielo.php?script=sci_issues&pid=0104-9224&lng=en","","0104-9224","","","","Associação Brasileira de Soldagem","Serial","","","","","","","","F"
"Boletim de Ciências Geodésicas","1413-4853","1982-2170","2010-09","16","3","","","","http://www.scielo.br/scielo.php?script=sci_issues&pid=1982-2170&lng=en","","1982-2170","","","","Universidade Federal do Paraná","Serial","","","","","","","","F"
"Revista Brasileira de Entomologia","0085-5626","1806-9665","2002","46","4","","","","http://www.scielo.br/scielo.php?script=sci_issues&pid=0085-5626&lng=en","","0085-5626","","","","Sociedade Brasileira De Entomologia","Serial","","","","","","","","F"
"International Archives of Otorhinolaryngology","1809-9777","1809-4864","2012-06","16","2","","","","http://www.scielo.br/scielo.php?script=sci_issues&pid=1809-4864&lng=en","","1809-4864","","","","Fundação Otorrinolaringologia","Serial","","","","","","","","F"
"Jornal Vascular Brasileiro","1677-5449","1677-7301","2005","4","4","","","","http://www.scielo.br/scielo.php?script=sci_issues&pid=1677-5449&lng=en","","1677-5449","","","","Sociedade Brasileira de Angiologia e de Cirurgia Vascular (SBACV)","Serial","","","","","","","","F"
"Journal of the Brazilian Chemical Society","0103-5053","1678-4790","1997","8","6","","","","http://www.scielo.br/scielo.php?script=sci_issues&pid=0103-5053&lng=en","","0103-5053","","","","Sociedade Brasileira de Química","Serial","","","","","","","","F"
"Dental Press Journal of Orthodontics","2176-9451","2177-6709","2010-02","15","1","","","","http://www.scielo.br/scielo.php?script=sci_issues&pid=2176-9451&lng=en","","2176-9451","","","","Dental Press International","Serial","","","","","","","","F"
"Revista da Sociedade Brasileira de Medicina Tropical","0037-8682","1678-9849","1967-02","1","1","","","","http://www.scielo.br/scielo.php?script=sci_issues&pid=0037-8682&lng=en","","0037-8682","","","","Sociedade Brasileira de Medicina Tropical - SBMT","Serial","","","","","","","","F"
"Cadernos Saúde Coletiva","1414-462X","2358-291X","2012","20","4","","","","http://www.scielo.br/scielo.php?script=sci_issues&pid=1414-462X&lng=en","","1414-462X","","","","Instituto de Estudos em Saúde Coletiva da Universidade Federal do Rio de Janeiro","Serial","","","","","","","","F"
"História, Ciências, Saúde-Manguinhos","0104-5970","1678-4758","1994-10","1","1","","","","http://www.scielo.br/scielo.php?script=sci_issues&pid=0104-5970&lng=en","","0104-5970","","","","Casa de Oswaldo Cruz, Fundação Oswaldo Cruz","Serial","","","","","","","","F"
"Materials Research","1516-1439","1980-5373","1998-10","1","1","","","","http://www.scielo.br/scielo.php?script=sci_issues&pid=1516-1439&lng=en","","1516-1439","","","","ABM, ABC, ABPol","Serial","","","","","","","","F"
"Revista Brasileira de Enfermagem","0034-7167","1984-0446","1972","25","5","","","","http://www.scielo.br/scielo.php?script=sci_issues&pid=0034-7167&lng=en","","0034-7167","","","","Associação Brasileira de Enfermagem","Serial","","","","","","","","F"
"Psicologia: Ciência e Profissão","1414-9893","1982-3703","1982","3","1","","","","http://www.scielo.br/scielo.php?script=sci_issues&pid=1414-9893&lng=en","","1414-9893","","","","Conselho Federal de Psicologia","Serial","","","","","","","","F"
"Arquivos Brasileiros de Oftalmologia","0004-2749","1678-2925","1999-10","62","5","","","","http://www.scielo.br/scielo.php?script=sci_issues&pid=0004-2749&lng=en","","0004-2749","","","","Conselho Brasileiro de Oftalmologia","Serial","","","","","","","","F"
"Revista Brasileira de Cardiologia Invasiva","0104-1843","2179-8397","2007","15","3","2014-12","22","4","http://www.scielo.br/scielo.php?script=sci_issues&pid=2179-8397&lng=en","","2179-8397","","","","Sociedade Brasileira de Hemodinâmica e Cardiologia Intervencionista - SBHCI","Serial","","","","","","","","F"
"Afro-Ásia","0002-0591","1981-1411","2012","","45","2014-12","","50","http://www.scielo.br/scielo.php?script=sci_issues&pid=0002-0591&lng=en","","0002-0591","","","","Universidade Federal da Bahia","Serial","","","","","","","","F"
"Psicologia em Estudo","1413-7372","1807-0329","2000","5","2","2014-12","19","4","http://www.scielo.br/scielo.php?script=sci_issues&pid=1413-7372&lng=en","","1413-7372","","","","Departamento de Psicologia - Universidade Estadual de Maringá","Serial","","","","","","","","F"
"Psicologia Clínica","0103-5665","1980-5438","2005","17","2","2015-07","27","1","http://www.scielo.br/scielo.php?script=sci_issues&pid=0103-5665&lng=en","","0103-5665","","","","Departamento de Psicologia da Pontifícia Universidade Católica do Rio de Janeiro","Serial","","","","","","","","F"
"Economia Aplicada","1413-8050","1980-5330","2005-09","9","3","2015-09","19","3","http://www.scielo.br/scielo.php?script=sci_issues&pid=1413-8050&lng=en","","1413-8050","","","","Faculdade de Economia, Administração e Contabilidade de Ribeirão Preto da Universidade de São Paulo","Serial","","","","","","","","F"
"Revista de Administração de Empresas","0034-7590","2178-938X","1961-04","1","1","","","","http://www.scielo.br/scielo.php?script=sci_issues&pid=0034-7590&lng=en","","0034-7590","","","","Fundação Getulio Vargas, Escola de Administração de  Empresas de S.Paulo","Serial","","","","","","","","F"
"Revista de Economia e Sociologia Rural","0103-2003","1806-9479","2002","40","3","","","","http://www.scielo.br/scielo.php?script=sci_issues&pid=0103-2003&lng=en","","0103-2003","","","","Sociedade Brasileira de Economia e Sociologia Rural","Serial","","","","","","","","F"
"Ciência & Saúde Coletiva","1413-8123","1678-4561","1996","1","1","","","","http://www.scielo.br/scielo.php?script=sci_issues&pid=1413-8123&lng=en","","1413-8123","","","","ABRASCO - Associação Brasileira de Saúde Coletiva","Serial","","","","","","","","F"
"Revista Brasileira de Meteorologia","0102-7786","1982-4351","2007-04","22","1","","","","http://www.scielo.br/scielo.php?script=sci_issues&pid=0102-7786&lng=en","","0102-7786","","","","Sociedade Brasileira de Meteorologia","Serial","","","","","","","","F"
"Acta Cirurgica Brasileira","0102-8650","1678-2674","1997-03","12","1","","","","http://www.scielo.br/scielo.php?script=sci_issues&pid=0102-8650&lng=en","","0102-8650","","","","Sociedade Brasileira  para o Desenvolvimento da Pesquisa em Cirurgia","Serial","","","","","","","","F"
"Varia Historia","0104-8775","1982-4343","2005","21","33","","","","http://www.scielo.br/scielo.php?script=sci_issues&pid=0104-8775&lng=en","","0104-8775","","","","Pós-Graduação em História, Faculdade de Filosofia e Ciências Humanas, Universidade Federal de Minas Gerais","Serial","","","","","","","","F"
"Sao Paulo Medical Journal","1516-3180","1806-9460","1994-03","112","1","","","","http://www.scielo.br/scielo.php?script=sci_issues&pid=1516-3180&lng=en","","1516-3180","","","","Associação Paulista de Medicina - APM","Serial","","","","","","","","F"
"Revista Brasileira de Medicina do Esporte","1517-8692","1806-9940","1997-03","3","1","","","","http://www.scielo.br/scielo.php?script=sci_issues&pid=1517-8692&lng=en","","1517-8692","","","","Sociedade Brasileira de Medicina do Exercício e do Esporte","Serial","","","","","","","","F"
"Scientia Agricola","0103-9016","1678-992X","1993-05","50","1","","","","http://www.scielo.br/scielo.php?script=sci_issues&pid=0103-9016&lng=en","","0103-9016","","","","São Paulo - Escola Superior de Agricultura ""Luiz de Queiroz""","Serial","","","","","","","","F"
"Ciência & Educação (Bauru)","1516-7313","1980-850X","1998","5","2","","","","http://www.scielo.br/scielo.php?script=sci_issues&pid=1516-7313&lng=en","","1516-7313","","","","Programa de Pós-Graduação em Educação para a Ciência, Universidade Estadual Paulista (UNESP), Faculdade de Ciências, campus de Bauru.","Serial","","","","","","","","F"
"Acta Amazonica","0044-5967","1809-4392","1971-04","1","1","","","","http://www.scielo.br/scielo.php?script=sci_issues&pid=0044-5967&lng=en","","0044-5967","","","","Instituto Nacional de Pesquisas da Amazônia","Serial","","","","","","","","F"
"Computational & Applied Mathematics","2238-3603","1807-0302","2003","22","1","2012","31","3","http://www.scielo.br/scielo.php?script=sci_issues&pid=1807-0302&lng=en","","1807-0302","","","","Sociedade Brasileira de Matemática Aplicada e Computacional","Serial","","","","","","","","F"
"Brazilian Journal of Botany","0100-8404","1806-9959","1997-06","20","1","2012","35","2","http://www.scielo.br/scielo.php?script=sci_issues&pid=0100-8404&lng=en","","0100-8404","","","","Sociedade Botânica de São Paulo","Serial","","","","","","","","F"
"Psychology & Neuroscience","1984-3054","1983-3288","2008-06","1","1","2014-12","7","3","http://www.scielo.br/scielo.php?script=sci_issues&pid=1983-3288&lng=en","","1983-3288","","","","Pontificia Universidade Católica do Rio de Janeiro Universidade de Brasília Universidade de São Paulo","Serial","","","","","","","","F"
"Journal of the Brazilian Computer Society","0104-6500","1678-4804","1997-04","3","3","2009-12","15","4","http://www.scielo.br/scielo.php?script=sci_issues&pid=0104-6500&lng=en","","0104-6500","","","","Sociedade Brasileira de Computação","Serial","","","","","","","","F"
"Theoretical and Experimental Plant Physiology","","2197-0025","2013","25","2","2013-12-10","25","4","http://www.scielo.br/scielo.php?script=sci_issues&pid=2197-0025&lng=en","","2197-0025","","","","Sociedade Brasileira de Fisiologia Vegetal","Serial","","","","","","","","F"
"Tropical Plant Pathology","1982-5676","1983-2052","2008-02","33","1","2014-12","39","6","http://www.scielo.br/scielo.php?script=sci_issues&pid=1982-5676&lng=en","","1982-5676","","","","Sociedade Brasileira de Fitopatologia","Serial","","","","","","","","F"
"Trends in Psychiatry and Psychotherapy","2237-6089","2238-0019","2011","33","3","","","","http://www.scielo.br/scielo.php?script=sci_issues&pid=2237-6089&lng=en","","2237-6089","","","","Associação de Psiquiatria do Rio Grande do Sul","Serial","","","","","","","","F"
"Brazilian Dental Journal","0103-6440","1806-4760","2002","13","2","","","","http://www.scielo.br/scielo.php?script=sci_issues&pid=0103-6440&lng=en","","0103-6440","","","","Fundação Odontológica de Ribeirão Preto","Serial","","","","","","","","F"
"Topoi (Rio de Janeiro)","1518-3319","2237-101X","2000-12","1","1","","","","http://www.scielo.br/scielo.php?script=sci_issues&pid=2237-101X&lng=en","","2237-101X","","","","Programa de Pós-Graduação em História Social da Universidade Federal do Rio de Janeiro","Serial","","","","","","","","F"
"Brazilian Journal of Physics","0103-9733","1678-4448","1997-09","27","3","2010-12","40","4","http://www.scielo.br/scielo.php?script=sci_issues&pid=0103-9733&lng=en","","0103-9733","","","","Sociedade Brasileira de Física","Serial","","","","","","","","F"
"Archives of Clinical Psychiatry (São Paulo)","0101-6083","1806-938X","2002","29","6","","","","http://www.scielo.br/scielo.php?script=sci_issues&pid=0101-6083&lng=en","","0101-6083","","","","Faculdade de Medicina da Universidade de São Paulo","Serial","","","","","","","","F"
"Pesquisa Operacional","0101-7438","1678-5142","2000-06","20","1","","","","http://www.scielo.br/scielo.php?script=sci_issues&pid=0101-7438&lng=en","","0101-7438","","","","Sociedade Brasileira de Pesquisa Operacional","Serial","","","","","","","","F"
"Boletim do Museu Paraense Emílio Goeldi. Ciências Humanas","1981-8122","2178-2547","2006-04","1","1","","","","http://www.scielo.br/scielo.php?script=sci_issues&pid=1981-8122&lng=en","","1981-8122","","","","MCTI/Museu Paraense Emílio Goeldi","Serial","","","","","","","","F"
"Scientiae Studia","1678-3166","2316-8994","2003-03","1","1","2015-12","13","4","http://www.scielo.br/scielo.php?script=sci_issues&pid=1678-3166&lng=en","","1678-3166","","","","Universidade de São Paulo, Departamento de Filosofia","Serial","","","","","","","","F"
"Anais da Sociedade Entomológica do Brasil","0301-8059","1981-5328","1997-04","26","1","2000-12","29","4","http://www.scielo.br/scielo.php?script=sci_issues&pid=0301-8059&lng=en","","0301-8059","","","","Sociedade Entomológica do Brasil","Serial","","","","","","","","F"
"Archives of Endocrinology and Metabolism","2359-3997","2359-4292","2015-02","59","1","","","","http://www.scielo.br/scielo.php?script=sci_issues&pid=2359-3997&lng=en","","2359-3997","","","","Sociedade Brasileira de Endocrinologia e Metabologia","Serial","","","","","","","","F"
"Journal of Coloproctology (Rio de Janeiro)","2237-9363","2317-6423","2011-09","31","3","","","","http://www.scielo.br/scielo.php?script=sci_issues&pid=2237-9363&lng=en","","2237-9363","","","","Sociedade Brasileira de Coloproctologia","Serial","","","","","","","","F"
"Brazilian Journal of Biology","1519-6984","1678-4375","2001-08","61","3","","","","http://www.scielo.br/scielo.php?script=sci_issues&pid=1519-6984&lng=en","","1519-6984","","","","Instituto Internacional de Ecologia","Serial","","","","","","","","F"
"Radiologia Brasileira","0100-3984","1678-7099","2001-02","34","1","","","","http://www.scielo.br/scielo.php?script=sci_issues&pid=0100-3984&lng=en","","0100-3984","","","","Colégio Brasileiro de Radiologia e Diagnóstico por Imagem","Serial","","","","","","","","F"
"Brazilian Journal of Chemical Engineering","0104-6632","1678-4383","1997-03","14","1","","","","http://www.scielo.br/scielo.php?script=sci_issues&pid=0104-6632&lng=en","","0104-6632","","","","Brazilian Society of Chemical Engineering","Serial","","","","","","","","F"
"Mana","0104-9313","1678-4944","1996-10","2","2","","","","http://www.scielo.br/scielo.php?script=sci_issues&pid=0104-9313&lng=en","","0104-9313","","","","Programa de Pós-Graduação em Antropologia Social - PPGAS-Museu Nacional, da Universidade Federal do Rio de Janeiro - UFRJ","Serial","","","","","","","","F"
"Opinião Pública","0104-6276","1807-0191","2000-04","6","1","","","","http://www.scielo.br/scielo.php?script=sci_issues&pid=0104-6276&lng=en","","0104-6276","","",""," Centro de Estudos de Opiniao Publica da Universidade Estadual de Campinas","Serial","","","","","","","","F"
"Psicologia USP","0103-6564","1678-5177","1997","8","1","","","","http://www.scielo.br/scielo.php?script=sci_issues&pid=0103-6564&lng=en","","0103-6564","","","","Instituto de Psicologia da Universidade de São Paulo","Serial","","","","","","","","F"
"Revista Brasileira de Saúde e Produção Animal","","1519-9940","2012-03","13","1","","","","http://www.scielo.br/scielo.php?script=sci_issues&pid=1519-9940&lng=en","","1519-9940","","","","UFBA - Universidade Federal da Bahia","Serial","","","","","","","","F"
"Revista Brasileira de Epidemiologia","1415-790X","1980-5497","1998-04","1","1","","","","http://www.scielo.br/scielo.php?script=sci_issues&pid=1415-790X&lng=en","","1415-790X","","","","Associação Brasileira de Saúde Coletiva","Serial","","","","","","","","F"
"Revista Brasileira de Parasitologia Veterinária","0103-846X","1984-2961","2007-09","16","3","","","","http://www.scielo.br/scielo.php?script=sci_issues&pid=1984-2961&lng=en","","1984-2961","","","","Colégio Brasileiro de Parasitologia Veterinária","Serial","","","","","","","","F"
"Revista Paulista de Pediatria","0103-0582","1984-0462","2007-06","25","2","","","","http://www.scielo.br/scielo.php?script=sci_issues&pid=0103-0582&lng=en","","0103-0582","","","","Sociedade de Pediatria de São Paulo","Serial","","","","","","","","F"
"Revista do Hospital das Clínicas","","1678-9903","1999-02","54","1","2004-02","59","1","http://www.scielo.br/scielo.php?script=sci_issues&pid=0041-8781&lng=en","","0041-8781","","","","Faculdade de Medicina / Universidade de São Paulo - FM/USP","Serial","","","","","","","","F"
"Arquivos Internacionais de Otorrinolaringologia","","1809-4856","2010-09","14","3","2012-03","16","1","http://www.scielo.br/scielo.php?script=sci_issues&pid=1809-4872&lng=en","","1809-4872","","","","Fundação Otorrinolaringologia","Serial","","","","","","","","F"
"Arquivos Brasileiros de Endocrinologia & Metabologia","","1677-9487","1998-08","42","4","2014-12","58","9","http://www.scielo.br/scielo.php?script=sci_issues&pid=0004-2730&lng=en","","0004-2730","","","","Sociedade Brasileira de Endocrinologia e Metabologia","Serial","","","","","","","","F"
"Arquivo Brasileiro de Medicina Veterinária e Zootecnia","","1678-4162","1999-04","51","2","","","","http://www.scielo.br/scielo.php?script=sci_issues&pid=0102-0935&lng=en","","0102-0935","","","","Universidade Federal de Minas Gerais, Escola de Veterinária","Serial","","","","","","","","F"
"RAM. Revista de Administração Mackenzie","","1678-6971","2008","9","5","","","","http://www.scielo.br/scielo.php?script=sci_issues&pid=1678-6971&lng=en","","1678-6971","","","","Universidade Presbiteriana Mackenzie","Serial","","","","","","","","F"
"Revista Brasileira de Coloproctologia","","","2006-03","26","1","2011-06","31","2","http://www.scielo.br/scielo.php?script=sci_issues&pid=0101-9880&lng=en","","0101-9880","","","","Cidade Editora Científica Ltda","Serial","","","","","","","","F"
"Revista de Nutrição","","1678-9865","1997-06","10","2","","","","http://www.scielo.br/scielo.php?script=sci_issues&pid=1415-5273&lng=en","","1415-5273","","","","Pontifícia Universidade Católica de Campinas","Serial","","","","","","","","F"
"Revista de Odontologia da UNESP","","1807-2577","2012-10","41","5","","","","http://www.scielo.br/scielo.php?script=sci_issues&pid=1807-2577&lng=en","","1807-2577","","","","Universidade Estadual Paulista Júlio de Mesquita Filho","Serial","","","","","","","","F"
"Estudos de Psicologia (Campinas)","","1982-0275","1997-04","14","1","","","","http://www.scielo.br/scielo.php?script=sci_issues&pid=0103-166X&lng=en","","0103-166X","","","","Programa de Pós-Graduação em Psicologia, Pontifícia Universidade Católica de Campinas","Serial","","","","","","","","F"
"Revista de Administração Contemporânea","","1982-7849","1997-04","1","1","","","","http://www.scielo.br/scielo.php?script=sci_issues&pid=1415-6555&lng=en","","1415-6555","","","","Associação Nacional dos Programas de Pós-graduação em Administração","Serial","","","","","","","","F"
"Acta Paulista de Enfermagem","","1982-0194","2005-03","18","1","","","","http://www.scielo.br/scielo.php?script=sci_issues&pid=0103-2100&lng=en","","0103-2100","","","","Escola Paulista de Enfermagem, Universidade Federal de São Paulo","Serial","","","","","","","","F"
"Revista Brasileira de Engenharia Biomédica","","","2012-06","28","2","2014-12","30","4","http://www.scielo.br/scielo.php?script=sci_issues&pid=1517-3151&lng=en","","1517-3151","","","","SBEB - Sociedade Brasileira de Engenharia Biomédica","Serial","","","","","","","","F"
"Physis: Revista de Saúde Coletiva","","1809-4481","1991","1","2","","","","http://www.scielo.br/scielo.php?script=sci_issues&pid=0103-7331&lng=en","","0103-7331","","","","IMS-UERJ","Serial","","","","","","","","F"
"Revista Contabilidade & Finanças","","1808-057X","2001-04","12","25","","","","http://www.scielo.br/scielo.php?script=sci_issues&pid=1519-7077&lng=en","","1519-7077","","","","Universidade de São Paulo, Faculdade de Economia, Administração e Contabilidade, Departamento de Contabilidade e Atuária","Serial","","","","","","","","F"
"Revista de Sociologia e Política","","1678-9873","1999-06","","12","","","","http://www.scielo.br/scielo.php?script=sci_issues&pid=0104-4478&lng=en","","0104-4478","","","","Universidade Federal do Paraná","Serial","","","","","","","","F"
"Revista Dental Press de Ortodontia e Ortopedia Facial","","1980-5500","2004-05","9","2","2009-12","14","6","http://www.scielo.br/scielo.php?script=sci_issues&pid=1415-5419&lng=en","","1415-5419","","","","Dental Press Editora","Serial","","","","","","","","F"
"Brazilian Journal of Plant Physiology","","1677-9452","2002-01","14","1","2013-02-25","24","4","http://www.scielo.br/scielo.php?script=sci_issues&pid=1677-0420&lng=en","","1677-0420","","","","Brazilian Journal of Plant Physiology","Serial","","","","","","","","F"
"Pesquisa Veterinária Brasileira","0100-736X","1678-5150","1997-01","17","1","","","","http://www.scielo.br/scielo.php?script=sci_issues&pid=0100-736X&lng=en","","0100-736X","","","","Colégio Brasileiro de Patologia Animal - CBPA. Empresa Brasileira de Pesquisa Agropecuária (EMBRAPA)","Serial","","","","","","","","F"
"Brazilian Journal of Cardiovascular Surgery","0102-7638","1678-9741","1986-08","1","1","","","","http://www.scielo.br/scielo.php?script=sci_issues&pid=0102-7638&lng=en","","0102-7638","","","","Sociedade Brasileira de Cirurgia Cardiovascular","Serial","","","","","","","","F"
"International braz j urol","","1677-6119","2003-02","29","1","","","","http://www.scielo.br/scielo.php?script=sci_issues&pid=1677-5538&lng=en","","1677-5538","","","","Sociedade Brasileira de Urologia","Serial","","","","","","","","F"
"MedicalExpress","2318-8111","2358-0429","2014-02","1","1","","","","http://www.scielo.br/scielo.php?script=sci_issues&pid=2358-0429&lng=en","","2358-0429","","","","Mavera Edições Técnicas e Científicas Ltda","Serial","","","","","","","","F"
"Revista Brasileira de Otorrinolaringologia","0034-7299","","2001-09","67","5","2009-04","75","2","http://www.scielo.br/scielo.php?script=sci_issues&pid=0034-7299&lng=en","","0034-7299","","","","ABORL-CCF Associação Brasileira de Otorrinolaringologia e Cirurgia Cérvico-Facial","Serial","","","","","","","","F"
"Lua Nova: Revista de Cultura e Política","0102-6445","1807-0175","1984-06","1","1","","","","http://www.scielo.br/scielo.php?script=sci_issues&pid=0102-6445&lng=en","","0102-6445","","","","CEDEC","Serial","","","","","","","","F"
"Revista da Educação Física / UEM","","1983-3083","2011-12","22","4","2015-12","26","4","http://www.scielo.br/scielo.php?script=sci_issues&pid=1983-3083&lng=en","","1983-3083","","","","Universidade Estadual de Maringá","Serial","","","","","","","","F"
"Pro-Posições","","1980-6248","2008-04","19","1","","","","http://www.scielo.br/scielo.php?script=sci_issues&pid=0103-7307&lng=en","","0103-7307","","","","UNICAMP - Faculdade de Educação","Serial","","","","","","","","F"
"Rem: Revista Escola de Minas","0370-4467","1807-0353","2001-03","54","1","2016-06","69","2","http://www.scielo.br/scielo.php?script=sci_issues&pid=0370-4467&lng=en","","0370-4467","","","","Escola de Minas","Serial","","","","","","","","F"
"REM - International Engineering Journal","","2448-167X","2016-09","69","3","","","","http://www.scielo.br/scielo.php?script=sci_issues&pid=2448-167X&lng=en","","2448-167X","","","","Fundação Gorceix","Serial","","","","","","","","F"
"Revista do Instituto de Estudos Brasileiros","0020-3874","2316-901X","2012-03","","54","","","","http://www.scielo.br/scielo.php?script=sci_issues&pid=0020-3874&lng=en","","0020-3874","","","","Instituto de Estudos Brasileiros","Serial","","","","","","","","F"
"Contexto Internacional","0102-8529","1982-0240","2002-06","24","1","","","","http://www.scielo.br/scielo.php?script=sci_issues&pid=0102-8529&lng=en","","0102-8529","","","","Pontifícia Universidade Católica do Rio de Janeiro, Instituto de Relações Internacionais","Serial","","","","","","","","F"
"Dados","0011-5258","1678-4588","1996","39","3","","","","http://www.scielo.br/scielo.php?script=sci_issues&pid=0011-5258&lng=en","","0011-5258","","","","Instituto de Estudos Sociais e Políticos (IESP) da Universidade do Estado do Rio de Janeiro (UERJ)","Serial","","","","","","","","F"
"Paidéia (Ribeirão Preto)","0103-863X","1982-4327","1991-08","","1","","","","http://www.scielo.br/scielo.php?script=sci_issues&pid=0103-863X&lng=en","","0103-863X","","","","Universidade de São Paulo, Faculdade de Filosofia Ciências e Letras de Ribeirão Preto","Serial","","","","","","","","F"
"Research on Biomedical Engineering","2446-4732","2446-4740","2015-03","31","1","","","","http://www.scielo.br/scielo.php?script=sci_issues&pid=2446-4740&lng=en","","2446-4740","","","","Sociedade Brasileira de Engenharia Biomédica","Serial","","","","","","","","F"
"Revista da Associação Médica Brasileira","0104-4230","1806-9282","1997-03","43","1","","","","http://www.scielo.br/scielo.php?script=sci_issues&pid=0104-4230&lng=en","","0104-4230","","","","Associação Médica Brasileira","Serial","","","","","","","","F"
"DELTA: Documentação de Estudos em Lingüística Teórica e Aplicada","0102-4450","1678-460X","1997-02","13","1","","","","http://www.scielo.br/scielo.php?script=sci_issues&pid=0102-4450&lng=en","","0102-4450","","","","Pontifícia Universidade Católica de São Paulo - PUC-SP","Serial","","","","","","","","F"
"Química Nova","0100-4042","1678-7064","1997-02","20","1","","","","http://www.scielo.br/scielo.php?script=sci_issues&pid=0100-4042&lng=en","","0100-4042","","","","Sociedade Brasileira de Química","Serial","","","","","","","","F"
"Pandaemonium Germanicum","","1982-8837","2009","","14","","","","http://www.scielo.br/scielo.php?script=sci_issues&pid=1982-8837&lng=en","","1982-8837","","","","Universidade de São Paulo/Faculdade de Filosofia, Letras e Ciências Humanas/ Programa de Pós-Graduação em Língua e Literatura Alemã","Serial","","","","","","","","F"
"Serviço Social & Sociedade","0101-6628","2317-6318","2010-03","","101","","","","http://www.scielo.br/scielo.php?script=sci_issues&pid=0101-6628&lng=en","","0101-6628","","","","Cortez Editora Ltda","Serial","","","","","","","","F"
"Journal of Transport Literature","","2238-1031","2012-03","6","1","2016-12","10","4","http://www.scielo.br/scielo.php?script=sci_issues&pid=2238-1031&lng=en","","2238-1031","","","","Sociedade Brasileira de Planejamento dos Transportes","Serial","","","","","","","","F"
"Almanack","","2236-4633","2011-06","","1","","","","http://www.scielo.br/scielo.php?script=sci_issues&pid=2236-4633&lng=en","","2236-4633","","","","Universidade Federal de São Paulo - UNIFESP","Serial","","","","","","","","F"
"Brazilian Journal of Geology","2317-4889","2317-4692","2014-06","44","2","","","","http://www.scielo.br/scielo.php?script=sci_issues&pid=2317-4889&lng=en","","2317-4889","","","","Sociedade Brasileira de Geologia","Serial","","","","","","","","F"
"Avaliação: Revista da Avaliação da Educação Superior (Campinas)","1414-4077","1982-5765","2007-06","12","2","","","","http://www.scielo.br/scielo.php?script=sci_issues&pid=1414-4077&lng=en","","1414-4077","","","","Publicação da Rede de Avaliação Institucional da Educação Superior (RAIES), da Universidade Estadual de Campinas (UNICAMP) e da Universidade de Sorocaba (UNISO).","Serial","","","","","","","","F"
"Cadernos de Pesquisa","0100-1574","1980-5314","1999-03","","106","","","","http://www.scielo.br/scielo.php?script=sci_issues&pid=0100-1574&lng=en","","0100-1574","","","","Fundação Carlos Chagas","Serial","","","","","","","","F"
"Bakhtiniana: Revista de Estudos do Discurso","","2176-4573","2011-12","6","1","","","","http://www.scielo.br/scielo.php?script=sci_issues&pid=2176-4573&lng=en","","2176-4573","","","","LAEL/PUC-SP (Programa de Estudos Pós-Graduados em Linguística Aplicada e Estudos da Linguagem da Pontifícia Universidade Católica de São Paulo)","Serial","","","","","","","","F"
"Arquivos Brasileiros de Cardiologia","0066-782X","1678-4170","1997-07","69","1","","","","http://www.scielo.br/scielo.php?script=sci_issues&pid=0066-782X&lng=en","","0066-782X","","","","Sociedade Brasileira de Cardiologia - SBC","Serial","","","","","","","","F"
"ABCD. Arquivos Brasileiros de Cirurgia Digestiva (São Paulo)","0102-6720","2317-6326","2007-03","20","1","","","","http://www.scielo.br/scielo.php?script=sci_issues&pid=0102-6720&lng=en","","0102-6720","","","","Colégio Brasileiro de Cirurgia Digestiva","Serial","","","","","","","","F"
"Brazilian Journal of Oceanography","","1982-436X","2004-03","52","1","","","","http://www.scielo.br/scielo.php?script=sci_issues&pid=1679-8759&lng=en","","1679-8759","","","","Universidade de São Paulo, Instituto Oceanográfico","Serial","","","","","","","","F"
"Anais do Museu Paulista: História e Cultura Material","0101-4714","1982-0267","1993","1","1","","","","http://www.scielo.br/scielo.php?script=sci_issues&pid=0101-4714&lng=en","","0101-4714","","","","Museu Paulista, Universidade de São Paulo","Serial","","","","","","","","F"
"Caderno CRH","0103-4979","1983-8239","2007-04","20","49","","","","http://www.scielo.br/scielo.php?script=sci_issues&pid=0103-4979&lng=en","","0103-4979","","","","Universidade Federal da Bahia - Faculdade de Filosofia e Ciências Humanas - Centro de Recursos Humanos","Serial","","","","","","","","F"
"Brazilian Journal of Otorhinolaryngology","1808-8694","1808-8686","2009-06","75","3","","","","http://www.scielo.br/scielo.php?script=sci_issues&pid=1808-8694&lng=en","","1808-8694","","","","Associação Brasileira de Otorrinolaringologia e Cirurgia Cervicofacial","Serial","","","","","","","","F"
"CERNE","0104-7760","2317-6342","2010-03","16","1","","","","http://www.scielo.br/scielo.php?script=sci_issues&pid=0104-7760&lng=en","","0104-7760","","","","UFLA - Universidade Federal de Lavras","Serial","","","","","","","","F"
"Anais Brasileiros de Dermatologia","0365-0596","1806-4841","2002-10","77","5","","","","http://www.scielo.br/scielo.php?script=sci_issues&pid=0365-0596&lng=en","","0365-0596","","","","Sociedade Brasileira de Dermatologia","Serial","","","","","","","","F"
"Cadernos Nietzsche","1413-7755","2316-8242","2012","","31","","","","http://www.scielo.br/scielo.php?script=sci_issues&pid=2316-8242&lng=en","","2316-8242","","","","Grupo de Estudos Nietzsche","Serial","","","","","","","","F"
"Brazilian Journal of Microbiology","1517-8382","1678-4405","2000-03","31","1","","","","http://www.scielo.br/scielo.php?script=sci_issues&pid=1517-8382&lng=en","","1517-8382","","","","Sociedade Brasileira de Microbiologia","Serial","","","","","","","","F"
"Ciência e Agrotecnologia","1413-7054","1981-1829","2003-02","27","1","","","","http://www.scielo.br/scielo.php?script=sci_issues&pid=1413-7054&lng=en","","1413-7054","","","","Editora da Universidade Federal de Lavras","Serial","","","","","","","","F"
"Cadernos de Tradução","","2175-7968","2016-04","36","1","","","","http://www.scielo.br/scielo.php?script=sci_issues&pid=2175-7968&lng=en","","2175-7968","","","","Universidade Federal de Santa Catarina","Serial","","","","","","","","F"
"Brazilian Journal of Infectious Diseases","1413-8670","1678-4391","2001-02","5","1","","","","http://www.scielo.br/scielo.php?script=sci_issues&pid=1413-8670&lng=en","","1413-8670","","","","Brazilian Society of Infectious Diseases","Serial","","","","","","","","F"
"Ciência Florestal","0103-9954","1980-5098","2002-12","12","1","","","","http://www.scielo.br/scielo.php?script=sci_issues&pid=1980-5098&lng=en","","1980-5098","","","","Universidade Federal de Santa Maria","Serial","","","","","","","","F"
"Ágora: Estudos em Teoria Psicanalítica","","1809-4414","2000-12","3","2","","","","http://www.scielo.br/scielo.php?script=sci_issues&pid=1516-1498&lng=en","","1516-1498","","","","Programa de Pós-graduação em Teoria Psicanalítica do Instituto de Psicologia da Universidade Federal do Rio de Janeiro - UFRJ","Serial","","","","","","","","F"
"Coluna/Columna","1808-1851","2177-014X","2009-03","8","1","","","","http://www.scielo.br/scielo.php?script=sci_issues&pid=1808-1851&lng=en","","1808-1851","","","","Sociedade Brasileira de Coluna","Serial","","","","","","","","F"
"Journal of Seed Science","2317-1537","2317-1545","2013","35","2","","","","http://www.scielo.br/scielo.php?script=sci_issues&pid=2317-1537&lng=en","","2317-1537","","","","ABRATES - Associação Brasileira de Tecnologia de Sementes","Serial","","","","","","","","F"
"Estudos Econômicos (São Paulo)","0101-4161","1980-5357","2003-06","33","2","","","","http://www.scielo.br/scielo.php?script=sci_issues&pid=0101-4161&lng=en","","0101-4161","","","","Faculdade de Economia, Administração e Contabilidade da Universidade de São Paulo (FEA-USP)","Serial","","","","","","","","F"
"Jornal de Pediatria","0021-7557","1678-4782","2001-02","77","1","","","","http://www.scielo.br/scielo.php?script=sci_issues&pid=0021-7557&lng=en","","0021-7557","","","","Sociedade Brasileira de Pediatria","Serial","","","","","","","","F"
"Educação & Realidade","0100-3143","2175-6236","2012-08","37","2","","","","http://www.scielo.br/scielo.php?script=sci_issues&pid=2175-6236&lng=en","","2175-6236","","","","Universidade Federal do Rio Grande do Sul - Faculdade de Educação","Serial","","","","","","","","F"
"Educação & Sociedade","0101-7330","1678-4626","1997-07","18","58","","","","http://www.scielo.br/scielo.php?script=sci_issues&pid=0101-7330&lng=en","","0101-7330","","","","Centro de Estudos Educação e Sociedade - Cedes","Serial","","","","","","","","F"
"Revista Brasileira de Anestesiologia","0034-7094","1806-907X","2001","51","4","","","","http://www.scielo.br/scielo.php?script=sci_issues&pid=0034-7094&lng=en","","0034-7094","","","","Sociedade Brasileira de Anestesiologia","Serial","","","","","","","","F"
"Einstein (São Paulo)","1679-4508","2317-6385","2010-03","8","1","","","","http://www.scielo.br/scielo.php?script=sci_issues&pid=1679-4508&lng=en","","1679-4508","","","","Instituto Israelita de Ensino e Pesquisa Albert Einstein","Serial","","","","","","","","F"
"Horticultura Brasileira","0102-0536","1806-9991","1998-11","16","2","","","","http://www.scielo.br/scielo.php?script=sci_issues&pid=0102-0536&lng=en","","0102-0536","","","","Associação Brasileira de Horticultura","Serial","","","","","","","","F"
"Revista Brasileira de Economia","0034-7140","1806-9134","1999-12","53","4","","","","http://www.scielo.br/scielo.php?script=sci_issues&pid=0034-7140&lng=en","","0034-7140","","","","Fundação Getúlio Vargas","Serial","","","","","","","","F"
"Galáxia (São Paulo)","1519-311X","1982-2553","2013-06","13","25","","","","http://www.scielo.br/scielo.php?script=sci_issues&pid=1982-2553&lng=en","","1982-2553","","","","Programa de Estudos Pós-graduados em Comunicação e Semiótica - PUC-SP","Serial","","","","","","","","F"
"Nova Economia","0103-6351","1980-5381","2005-12","15","3","","","","http://www.scielo.br/scielo.php?script=sci_issues&pid=0103-6351&lng=en","","0103-6351","","","","Nova Economia","Serial","","","","","","","","F"
"Jornal Brasileiro de Psiquiatria","0047-2085","1982-0208","2006","55","1","","","","http://www.scielo.br/scielo.php?script=sci_issues&pid=0047-2085&lng=en","","0047-2085","","","","Instituto de Psiquiatria da Universidade Federal do Rio de Janeiro","Serial","","","","","","","","F"
"História da Educação","1414-3518","2236-3459","2012-12","16","38","","","","http://www.scielo.br/scielo.php?script=sci_issues&pid=2236-3459&lng=en","","2236-3459","","","","Associação Sul-Rio-Grandense de Pesquisadores em História da Educação","Serial","","","","","","","","F"
"Saúde e Sociedade","0104-1290","1984-0470","1992","1","2","","","","http://www.scielo.br/scielo.php?script=sci_issues&pid=0104-1290&lng=en","","0104-1290","","","","Faculdade de Saúde Pública, Universidade de São Paulo. Associação Paulista de Saúde Pública.","Serial","","","","","","","","F"
"Revista Brasileira de Ciências do Esporte","0101-3289","2179-3255","2010-05","31","3","","","","http://www.scielo.br/scielo.php?script=sci_issues&pid=0101-3289&lng=en","","0101-3289","","","","Colégio Brasileiro de Ciências do Esporte","Serial","","","","","","","","F"
"Ilha do Desterro","","2175-8026","2013-12","","65","","","","http://www.scielo.br/scielo.php?script=sci_issues&pid=2175-8026&lng=en","","2175-8026","","","","Universidade Federal de Santa Catarina","Serial","","","","","","","","F"
"Gestão & Produção","0104-530X","1806-9649","1994-04","1","1","","","","http://www.scielo.br/scielo.php?script=sci_issues&pid=0104-530X&lng=en","","0104-530X","","","","Universidade Federal de São Carlos","Serial","","","","","","","","F"
"Estudos Históricos (Rio de Janeiro)","0103-2186","2178-1494","2008-06","21","41","","","","http://www.scielo.br/scielo.php?script=sci_issues&pid=0103-2186&lng=en","","0103-2186","","","","Centro de Pesquisa e Documentação de História Contemporânea do Brasil da Fundação Getúlio Vargas","Serial","","","","","","","","F"
"Intercom: Revista Brasileira de Ciências da Comunicação","1809-5844","1980-3508","2011-06","34","1","","","","http://www.scielo.br/scielo.php?script=sci_issues&pid=1809-5844&lng=en","","1809-5844","","","","Sociedade Brasileira de Estudos Interdisciplinares da Comunicação (INTERCOM)","Serial","","","","","","","","F"
"REAd. Revista Eletrônica de Administração (Porto Alegre)","1980-4164","1413-2311","2011-04","17","1","","","","http://www.scielo.br/scielo.php?script=sci_issues&pid=1413-2311&lng=en","","1413-2311","","","","Escola de Administração da UFRGS","Serial","","","","","","","","F"
"Ensaio: Avaliação e Políticas Públicas em Educação","0104-4036","1809-4465","2004-12","12","45","","","","http://www.scielo.br/scielo.php?script=sci_issues&pid=0104-4036&lng=en","","0104-4036","","","","Fundação CESGRANRIO","Serial","","","","","","","","F"
"JISTEM - Journal of Information Systems and Technology Management","","1807-1775","2004","1","1","","","","http://www.scielo.br/scielo.php?script=sci_issues&pid=1807-1775&lng=en","","1807-1775","","","","TECSI Laboratório de Tecnologia e Sistemas de Informação - FEA/USP","Serial","","","","","","","","F"
"Interações (Campo Grande)","1518-7012","1984-042X","2006-09","8","13","","","","http://www.scielo.br/scielo.php?script=sci_issues&pid=1518-7012&lng=en","","1518-7012","","","","Universidade Católica Dom Bosco","Serial","","","","","","","","F"
"Perspectivas em Ciência da Informação","","1981-5344","2006-04","11","1","","","","http://www.scielo.br/scielo.php?script=sci_issues&pid=1413-9936&lng=en","","1413-9936","","","","Escola de Ciência da Informação da UFMG","Serial","","","","","","","","F"
"Journal of Microwaves, Optoelectronics and Electromagnetic Applications","","2179-1074","2010-12","9","2","","","","http://www.scielo.br/scielo.php?script=sci_issues&pid=2179-1074&lng=en","","2179-1074","","","","Sociedade Brasileira de Microondas e Optoeletrônica e Sociedade Brasileira de Eletromagnetismo","Serial","","","","","","","","F"
"Linguagem em (Dis)curso","","1982-4017","2008-04","8","1","","","","http://www.scielo.br/scielo.php?script=sci_issues&pid=1518-7632&lng=en","","1518-7632","","","","Universidade do Sul de Santa Catarina","Serial","","","","","","","","F"
"Latin American Journal of Solids and Structures","1679-7817","1679-7825","2010","7","4","","","","http://www.scielo.br/scielo.php?script=sci_issues&pid=1679-7825&lng=en","","1679-7825","","","","Associação Brasileira de Ciências Mecânicas","Serial","","","","","","","","F"
"Jornal Brasileiro de Patologia e Medicina Laboratorial","","1678-4774","2001","37","4","","","","http://www.scielo.br/scielo.php?script=sci_issues&pid=1676-2444&lng=en","","1676-2444","","","","Sociedade Brasileira de Patologia Clínica Sociedade Brasileira de Patologia Sociedade Brasileira de Citopatologia","Serial","","","","","","","","F"
"Organizações & Sociedade","","1984-9230","1996-06","3","6","","","","http://www.scielo.br/scielo.php?script=sci_issues&pid=1984-9230&lng=en","","1984-9230","","","","Escola de Administração da Universidade Federal da Bahia","Serial","","","","","","","","F"
"Pesquisa Agropecuária Tropical","","1983-4063","2010-12","40","4","","","","http://www.scielo.br/scielo.php?script=sci_issues&pid=1983-4063&lng=en","","1983-4063","","","","Escola de Agronomia e Engenharia de Alimentos/UFG","Serial","","","","","","","","F"
"Revista Brasileira de Cineantropometria & Desempenho Humano","1415-8426","1980-0037","2010","12","5","","","","http://www.scielo.br/scielo.php?script=sci_issues&pid=1980-0037&lng=en","","1980-0037","","","","Universidade Federal de Santa Catarina","Serial","","","","","","","","F"
"Revista Brasileira de Estudos da Presença","","2237-2660","2011-06","1","1","","","","http://www.scielo.br/scielo.php?script=sci_issues&pid=2237-2660&lng=en","","2237-2660","","","","Universidade Federal do Rio Grande do Sul","Serial","","","","","","","","F"
"Revista Ceres","0034-737X","2177-3491","2010-02","57","1","","","","http://www.scielo.br/scielo.php?script=sci_issues&pid=0034-737X&lng=en","","0034-737X","","","","Universidade Federal de Viçosa","Serial","","","","","","","","F"
"Revista Brasileira de Oftalmologia","0034-7280","1982-8551","2007-08","66","4","","","","http://www.scielo.br/scielo.php?script=sci_issues&pid=0034-7280&lng=en","","0034-7280","","","","Sociedade Brasileira de Oftalmologia","Serial","","","","","","","","F"
"RGO - Revista Gaúcha de Odontologia","1981-8637","1981-8637","2014-03","62","1","","","","http://www.scielo.br/scielo.php?script=sci_issues&pid=1981-8637&lng=en","","1981-8637","","","","Faculdade São Leopoldo Mandic","Serial","","","","","","","","F"
"Revista do Colégio Brasileiro de Cirurgiões","0100-6991","1809-4546","1998-02","25","1","","","","http://www.scielo.br/scielo.php?script=sci_issues&pid=0100-6991&lng=en","","0100-6991","","","","Colégio Brasileiro de Cirurgiões","Serial","","","","","","","","F"
"Revista de Administração (São Paulo)","","1984-6142","2011-12","46","4","","","","http://www.scielo.br/scielo.php?script=sci_issues&pid=0080-2107&lng=en","","0080-2107","","","","Departamento de Administração da Faculdade de Economia, Administração e Contabilidade da Universidade de São Paulo","Serial","","","","","","","","F"
"Revista Brasileira de Estudos Pedagógicos","0034-7183","2176-6681","2012-12","93","235","","","","http://www.scielo.br/scielo.php?script=sci_issues&pid=2176-6681&lng=en","","2176-6681","","","","Instituto Nacional de Estudos e Pesquisas Educacionais Anísio Teixeira","Serial","","","","","","","","F"
"Trans/Form/Ação","0101-3173","1980-539X","1974","1","","","","","http://www.scielo.br/scielo.php?script=sci_issues&pid=0101-3173&lng=en","","0101-3173","","","","Universidade Estadual Paulista, Departamento de Filosofia","Serial","","","","","","","","F"
"Trabalhos em Linguística Aplicada","","2175-764X","2004-06","43","1","","","","http://www.scielo.br/scielo.php?script=sci_issues&pid=0103-1813&lng=en","","0103-1813","","","","UNICAMP. Programa de Pós-Graduação em Linguística Aplicada do Instituto de Estudos da Linguagem (IEL)","Serial","","","","","","","","F"
"Revista Brasileira de Linguística Aplicada","","1984-6398","2001","1","1","","","","http://www.scielo.br/scielo.php?script=sci_issues&pid=1984-6398&lng=en","","1984-6398","","","","Faculdade de Letras - Universidade Federal de Minas Gerais","Serial","","","","","","","","F"
"Revista Brasileira de Ortopedia","0102-3616","1982-4378","2007-07","42","7","","","","http://www.scielo.br/scielo.php?script=sci_issues&pid=0102-3616&lng=en","","0102-3616","","","","Sociedade Brasileira de Ortopedia e Traumatologia","Serial","","","","","","","","F"
"Tempo Social","0103-2070","1809-4554","1989-06","1","1","","","","http://www.scielo.br/scielo.php?script=sci_issues&pid=0103-2070&lng=en","","0103-2070","","","","Departamento de Sociologia da Faculdade de Filosofia, Letras e Ciências Humanas da Universidade de São Paulo","Serial","","","","","","","","F"
"Revista Caatinga","0100-316X","1983-2125","2015-09","28","3","","","","http://www.scielo.br/scielo.php?script=sci_issues&pid=1983-2125&lng=en","","1983-2125","","","","Universidade Federal Rural do Semi-Árido","Serial","","","","","","","","F"
"Saúde em Debate","0103-1104","2358-2898","2012-09","36","94","","","","http://www.scielo.br/scielo.php?script=sci_issues&pid=0103-1104&lng=en","","0103-1104","","","","Centro Brasileiro de Estudos de Saúde","Serial","","","","","","","","F"
"Revista Brasileira de Reumatologia","0482-5004","1809-4570","2003-06","43","3","","","","http://www.scielo.br/scielo.php?script=sci_issues&pid=0482-5004&lng=en","","0482-5004","","","","Sociedade Brasileira de Reumatologia","Serial","","","","","","","","F"
"Revista Ciência Agronômica","0045-6888","1806-6690","2010-03","41","1","","","","http://www.scielo.br/scielo.php?script=sci_issues&pid=1806-6690&lng=en","","1806-6690","","","","Universidade Federal do Ceará","Serial","","","","","","","","F"
"Revista Katálysis","","1982-0259","2006-06","9","1","","","","http://www.scielo.br/scielo.php?script=sci_issues&pid=1414-4980&lng=en","","1414-4980","","","","Programa de Pós-Graduação em Serviço Social e Curso de Graduação em Serviço Social da Universidade Federal de Santa Catarina","Serial","","","","","","","","F"
"Revista Brasileira de Hematologia e Hemoterapia","1516-8484","1806-0870","2000-04","22","1","","","","http://www.scielo.br/scielo.php?script=sci_issues&pid=1516-8484&lng=en","","1516-8484","","","","Associação Brasileira de Hematologia e Hemoterapia e Terapia Celular","Serial","","","","","","","","F"
"Revista Dor","1806-0013","2317-6393","2011-03","12","1","","","","http://www.scielo.br/scielo.php?script=sci_issues&pid=1806-0013&lng=en","","1806-0013","","","","Sociedade Brasileira para o Estudo da Dor","Serial","","","","","","","","F"
"Sociologias","1517-4522","1807-0337","2000-12","","4","","","","http://www.scielo.br/scielo.php?script=sci_issues&pid=1517-4522&lng=en","","1517-4522","","","","Programa de Pós-Graduação em Sociologia - UFRGS","Serial","","","","","","","","F"
"Revista IBRACON de Estruturas e Materiais","","1983-4195","2008-03","1","1","","","","http://www.scielo.br/scielo.php?script=sci_issues&pid=1983-4195&lng=en","","1983-4195","","","","IBRACON - Instituto Brasileiro do Concreto","Serial","","","","","","","","F"
"Sequência (Florianópolis)","0101-9562","2177-7055","2012-07","","64","","","","http://www.scielo.br/scielo.php?script=sci_issues&pid=2177-7055&lng=en","","2177-7055","","","","Programa de Pós-Graduação em Direito da Universidade Federal de Santa Catarina","Serial","","","","","","","","F"
"Sexualidad, Salud y Sociedad (Rio de Janeiro)","","1984-6487","2010-12","","6","","","","http://www.scielo.br/scielo.php?script=sci_issues&pid=1984-6487&lng=en","","1984-6487","","","","Centro Latino-Americano em Sexualidade e Direitos Humanos (CLAM/IMS/UERJ)","Serial","","","","","","","","F"
"TEMA (São Carlos)","1677-1966","2179-8451","2011-12","12","3","","","","http://www.scielo.br/scielo.php?script=sci_issues&pid=2179-8451&lng=en","","2179-8451","","","","Sociedade Brasileira de Matemática Aplicada e Computacional","Serial","","","","","","","","F"
"Trabalho, Educação e Saúde","1678-1007","1981-7746","2003-03","1","1","","","","http://www.scielo.br/scielo.php?script=sci_issues&pid=1981-7746&lng=en","","1981-7746","","","","Fundação Oswaldo Cruz, Escola Politécnica de Saúde Joaquim Venâncio","Serial","","","","","","","","F"
"Revista Brasileira de Ciência Política","","2178-4884","2011-07","","5","","","","http://www.scielo.br/scielo.php?script=sci_issues&pid=0103-3352&lng=en","","0103-3352","","","","Universidade de Brasília. Instituto de Ciência Política","Serial","","","","","","","","F"
"Revista Brasileira de Zootecnia","","1806-9290","1999","28","6","","","","http://www.scielo.br/scielo.php?script=sci_issues&pid=1516-3598&lng=en","","1516-3598","","","","Sociedade Brasileira de Zootecnia","Serial","","","","","","","","F"
"Revista Brasileira de Engenharia Agrícola e Ambiental","1415-4366","1807-1929","1997-12","1","1","","","","http://www.scielo.br/scielo.php?script=sci_issues&pid=1415-4366&lng=en","","1415-4366","","","","Departamento de Engenharia Agrícola  - UFCG","Serial","","","","","","","","F"
"Estudos de Literatura Brasileira Contemporânea","","2316-4018","2012-06","","39","","","","http://www.scielo.br/scielo.php?script=sci_issues&pid=2316-4018&lng=en","","2316-4018","","","","Grupo de Estudos em Literatura Brasileira Contemporânea Programa de Pós-Graduação em Literatura da Universidade de Brasília (UnB)","Serial","","","","","","","","F"
"Acta Botanica Brasilica","0102-3306","1677-941X","1987-01","1","1","","","","http://www.scielo.br/scielo.php?script=sci_issues&pid=0102-3306&lng=en","","0102-3306","","","","Sociedade Botânica do Brasil","Serial","","","","","","","","F"
"Cadernos Metrópole","1517-2422","2236-9996","2013-12","15","30","","","","http://www.scielo.br/scielo.php?script=sci_issues&pid=2236-9996&lng=en","","2236-9996","","","","Pontifícia Universidade Católica de São Paulo","Serial","","","","","","","","F"
"Ambiente & Sociedade","1414-753X","1809-4422","1999-12","","5","","","","http://www.scielo.br/scielo.php?script=sci_issues&pid=1414-753X&lng=en","","1414-753X","","","","ANPPAS - Revista Ambiente e Sociedade","Serial","","","","","","","","F"
"Sociedade e Estado","0102-6992","1980-5462","2000-12","15","2","","","","http://www.scielo.br/scielo.php?script=sci_issues&pid=0102-6992&lng=en","","0102-6992","","","","Departamento de Sociologia da Universidade de Brasília","Serial","","","","","","","","F"
"Dementia & Neuropsychologia","1980-5764","1980-5764","2007-03","1","1","","","","http://www.scielo.br/scielo.php?script=sci_issues&pid=1980-5764&lng=en","","1980-5764","","","","Associação de Neurologia Cognitiva e do Comportamento","Serial","","","","","","","","F"
"Engenharia Agrícola","0100-6916","1809-4430","2004-04","24","1","","","","http://www.scielo.br/scielo.php?script=sci_issues&pid=0100-6916&lng=en","","0100-6916","","","","Associação Brasileira de Engenharia Agrícola","Serial","","","","","","","","F"
"Revista Brasileira de Ginecologia e Obstetrícia","0100-7203","1806-9339","1998-02","20","1","","","","http://www.scielo.br/scielo.php?script=sci_issues&pid=0100-7203&lng=en","","0100-7203","","","","Federação Brasileira das Sociedades de Ginecologia e Obstetrícia","Serial","","","","","","","","F"
"Revista Brasileira de Pesquisa em Turismo","","1982-6125","2016-04","10","1","","","","http://www.scielo.br/scielo.php?script=sci_issues&pid=1982-6125&lng=en","","1982-6125","","","","Associação Nacional de Pesquisa e Pós-Graduação em Turismo","Serial","","","","","","","","F"
"Tempo","1413-7704","1980-542X","2005-06","9","18","","","","http://www.scielo.br/scielo.php?script=sci_issues&pid=1413-7704&lng=en","","1413-7704","","","","EdUFF - Editora da UFF","Serial","","","","","","","","F"
"Revista Direito GV","","2317-6172","2008-06","4","1","","","","http://www.scielo.br/scielo.php?script=sci_issues&pid=1808-2432&lng=en","","1808-2432","","","","Fundação Getulio Vargas, Escola de Direito de São Paulo","Serial","","","","","","","","F"
"Religião & Sociedade","0100-8587","1984-0438","2007-07","27","1","","","","http://www.scielo.br/scielo.php?script=sci_issues&pid=0100-8587&lng=en","","0100-8587","","","","Instituto de Estudos da Religião","Serial","","","","","","","","F"
"Revista Brasileira de Plantas Medicinais","1516-0572","1983-084X","2009","11","3","2016-06","18","2","http://www.scielo.br/scielo.php?script=sci_issues&pid=1516-0572&lng=en","","1516-0572","","","","Sociedade Brasileira de Plantas Medicinais","Serial","","","","","","","","F"
"Machado de Assis em Linha","","1983-6821","2011-12","4","8","","","","http://www.scielo.br/scielo.php?script=sci_issues&pid=1983-6821&lng=en","","1983-6821","","","","Universidade de São Paulo - Faculdade de Filosofia, Letras e Ciências Humanas","Serial","","","","","","","","F"
"BBR. Brazilian Business Review","","1808-2386","2016-12","13","6","","","","http://www.scielo.br/scielo.php?script=sci_issues&pid=1808-2386&lng=en","","1808-2386","","","","Fucape Business School","Serial","","","","","","","","F"
"Manuscrito","0100-6045","2317-630X","2011-06","34","1","","","","http://www.scielo.br/scielo.php?script=sci_issues&pid=0100-6045&lng=en","","0100-6045","","","","UNICAMP - Universidade Estadual de Campinas, Centro de Lógica, Epistemologia e História da Ciência","Serial","","","","","","","","F"
"Revista CEFAC","","1982-0216","2006-12","8","4","","","","http://www.scielo.br/scielo.php?script=sci_issues&pid=1516-1846&lng=en","","1516-1846","","","","ABRAMO Associação Brasileira de Motricidade Orofacial","Serial","","","","","","","","F"
"Fisioterapia em Movimento","","1980-5918","2010-03","23","1","","","","http://www.scielo.br/scielo.php?script=sci_issues&pid=0103-5150&lng=en","","0103-5150","","","","Pontifícia Universidade Católica do Paraná","Serial","","","","","","","","F"
"Revista de História (São Paulo)","0034-8309","2316-9141","2013-06","","168","","","","http://www.scielo.br/scielo.php?script=sci_issues&pid=0034-8309&lng=en","","0034-8309","","","","Universidade de São Paulo, Faculdade de Filosofia, Letras e Ciências Humanas, Departamento de História","Serial","","","","","","","","F"
"Acta Limnologica Brasiliensia","0102-6712","2179-975X","2010-06","22","2","","","","http://www.scielo.br/scielo.php?script=sci_issues&pid=2179-975X&lng=en","","2179-975X","","","","Associação Brasileira de Limnologia","Serial","","","","","","","","F"
"Revista Brasileira de Ciência do Solo","","1806-9657","1997-09","21","3","","","","http://www.scielo.br/scielo.php?script=sci_issues&pid=0100-0683&lng=en","","0100-0683","","","","Sociedade Brasileira de Ciência do Solo","Serial","","","","","","","","F"
"Revista do Instituto de Medicina Tropical de São Paulo","","1678-9946","1984-02","26","1","","","","http://www.scielo.br/scielo.php?script=sci_issues&pid=0036-4665&lng=en","","0036-4665","","","","Instituto de Medicina Tropical","Serial","","","","","","","","F"
"Arquivos do Instituto Biológico","","1808-1657","2012-03","79","1","","","","http://www.scielo.br/scielo.php?script=sci_issues&pid=1808-1657&lng=en","","1808-1657","","","","Instituto Biológico","Serial","","","","","","","","F"
"Revista Árvore","","1806-9088","2002-05","26","3","","","","http://www.scielo.br/scielo.php?script=sci_issues&pid=0100-6762&lng=en","","0100-6762","","","","Sociedade de Investigações Florestais","Serial","","","","","","","","F"
"Iheringia. Série Zoologia","0073-4721","1678-4766","2000-11","","89","","","","http://www.scielo.br/scielo.php?script=sci_issues&pid=0073-4721&lng=en","","0073-4721","","","","Fundação Zoobotânica do Rio Grande do Sul","Serial","","","","","","","","F"
"Audiology - Communication Research","","2317-6431","2013","18","3","","","","http://www.scielo.br/scielo.php?script=sci_issues&pid=2317-6431&lng=en","","2317-6431","","","","Academia Brasileira de Audiologia","Serial","","","","","","","","F"
"Planta Daninha","0100-8358","1806-9681","1978-01","1","1","","","","http://www.scielo.br/scielo.php?script=sci_issues&pid=0100-8358&lng=en","","0100-8358","","","","Sociedade Brasileira da Ciência das Plantas Daninhas","Serial","","","","","","","","F"
"Revista da Escola de Enfermagem da USP","0080-6234","1980-220X","1967-09","1","1","","","","http://www.scielo.br/scielo.php?script=sci_issues&pid=0080-6234&lng=en","","0080-6234","","","","Universidade de São Paulo, Escola de Enfermagem","Serial","","","","","","","","F"
"BAR - Brazilian Administration Review","","1807-7692","2004-12","1","1","","","","http://www.scielo.br/scielo.php?script=sci_issues&pid=1807-7692&lng=en","","1807-7692","","",""," ANPAD - Associação Nacional de Pós-Graduação e Pesquisa em Administração","Serial","","","","","","","","F"
"Cadernos de Saúde Pública","","1678-4464","1985-03","1","1","","","","http://www.scielo.br/scielo.php?script=sci_issues&pid=0102-311X&lng=en","","0102-311X","","","","Escola Nacional de Saúde Pública Sergio Arouca, Fundação Oswaldo Cruz","Serial","","","","","","","","F"
"Brazilian Journal of Medical and Biological Research","","1414-431X","1997-01","30","1","","","","http://www.scielo.br/scielo.php?script=sci_issues&pid=0100-879X&lng=en","","0100-879X","","","","Associação Brasileira de Divulgação Científica","Serial","","","","","","","","F"
"Brazilian Journal of Pharmaceutical Sciences","","2175-9790","2009-03","45","1","","","","http://www.scielo.br/scielo.php?script=sci_issues&pid=1984-8250&lng=en","","1984-8250","","","","Universidade de São Paulo, Faculdade de Ciências Farmacêuticas","Serial","","","","","","","","F"
"Revista Brasileira de Ciências Sociais","","1806-9053","1997-10","12","35","","","","http://www.scielo.br/scielo.php?script=sci_issues&pid=0102-6909&lng=en","","0102-6909","","","","Associação Nacional de Pós-Graduação e Pesquisa em Ciências Sociais - ANPOCS","Serial","","","","","","","","F"
"Psicologia: Reflexão e Crítica","0102-7972","1678-7153","1997","10","1","","","","http://www.scielo.br/scielo.php?script=sci_issues&pid=0102-7972&lng=en","","0102-7972","","","","Curso de Pós-Graduação em Psicologia da Universidade Federal do Rio Grande do Sul","Serial","","","","","","","","F"
"Brazilian Oral Research","","1807-3107","2004-03","18","1","","","","http://www.scielo.br/scielo.php?script=sci_issues&pid=1806-8324&lng=en","","1806-8324","","","","Sociedade Brasileira de Pesquisa Odontológica - SBPqO","Serial","","","","","","","","F"
"Production","0103-6513","1980-5411","1991-06","1","1","","","","http://www.scielo.br/scielo.php?script=sci_issues&pid=0103-6513&lng=en","","0103-6513","","","","Associação Brasileira de Engenharia de Produção","Serial","","","","","","","","F"
"Ciência Rural","","1678-4596","1991-04","21","1","","","","http://www.scielo.br/scielo.php?script=sci_issues&pid=0103-8478&lng=en","","0103-8478","","","","Universidade Federal de Santa Maria","Serial","","","","","","","","F"
"Brazilian Political Science Review","","1981-3821","2012","6","2","","","","http://www.scielo.br/scielo.php?script=sci_issues&pid=1981-3821&lng=en","","1981-3821","","","","Associação Brasileira de Ciência Política","Serial","","","","","","","","F"
"Texto & Contexto - Enfermagem","0104-0707","1980-265X","2004-09","13","3","","","","http://www.scielo.br/scielo.php?script=sci_issues&pid=0104-0707&lng=en","","0104-0707","","","","Universidade Federal de Santa Catarina, Programa de  Pós Graduação em Enfermagem","Serial","","","","","","","","F"
"Ciência Animal Brasileira","1518-2797","1809-6891","2013-03","14","1","","","","http://www.scielo.br/scielo.php?script=sci_issues&pid=1809-6891&lng=en","","1809-6891","","","","Universidade Federal de Goiás","Serial","","","","","","","","F"
"Revista Latino-Americana de Enfermagem","","1518-8345","1993-01","1","1","","","","http://www.scielo.br/scielo.php?script=sci_issues&pid=0104-1169&lng=en","","0104-1169","","","","Escola de Enfermagem de Ribeirão Preto / Universidade de São Paulo","Serial","","","","","","","","F"
"CoDAS","","2317-1782","2013","25","1","","","","http://www.scielo.br/scielo.php?script=sci_issues&pid=2317-1782&lng=en","","2317-1782","","","","Sociedade Brasileira de Fonoaudiologia","Serial","","","","","","","","F"
"Revista Brasileira de Saúde Ocupacional","0303-7657","2317-6369","2003","28","107-108","","","","http://www.scielo.br/scielo.php?script=sci_issues&pid=0303-7657&lng=en","","0303-7657","","","","Fundação Jorge Duprat Figueiredo de Segurança e Medicina do Trabalho - FUNDACENTRO","Serial","","","","","","","","F"
"Journal of Physical Education","","2448-2455","2016","27","","","","","http://www.scielo.br/scielo.php?script=sci_issues&pid=2448-2455&lng=en","","2448-2455","","","","Universidade Estadual de Maringá","Serial","","","","","","","","F"
"Escola Anna Nery","1414-8145","2177-9465","2005-12","9","3","","","","http://www.scielo.br/scielo.php?script=sci_issues&pid=1414-8145&lng=en","","1414-8145","","","","Universidade Federal do Rio de Janeiro","Serial","","","","","","","","F"
"Journal of Venomous Animals and Toxins including Tropical Diseases","","1678-9199","2003","9","2","","","","http://www.scielo.br/scielo.php?script=sci_issues&pid=1678-9199&lng=en","","1678-9199","","","","Centro de Estudos de Venenos e Animais Peçonhentos - CEVAP, Universidade Estadual Paulista - UNESP","Serial","","","","","","","","F"
"Brazilian Archives of Biology and Technology","","1678-4324","1998","41","2","","","","http://www.scielo.br/scielo.php?script=sci_issues&pid=1516-8913&lng=en","","1516-8913","","","","Instituto de Tecnologia do Paraná - Tecpar","Serial","","","","","","","","F"
"Mercator (Fortaleza)","","1984-2201","2014-04","13","1","","","","http://www.scielo.br/scielo.php?script=sci_issues&pid=1984-2201&lng=en","","1984-2201","","","","Universidade Federal do Ceará","Serial","","","","","","","","F"
"Matéria (Rio de Janeiro)","","1517-7076","2006","11","2","","","","http://www.scielo.br/scielo.php?script=sci_issues&pid=1517-7076&lng=en","","1517-7076","","","","Rede Latino-Americana de Materiais","Serial","","","","","","","","F"
"Motriz: Revista de Educação Física","","1980-6574","2010-09","16","3","","","","http://www.scielo.br/scielo.php?script=sci_issues&pid=1980-6574&lng=en","","1980-6574","","","","Universidade Estadual Paulista","Serial","","","","","","","","F"
"Biota Neotropica","","1676-0611","2001","1","1-2","","","","http://www.scielo.br/scielo.php?script=sci_issues&pid=1676-0603&lng=en","","1676-0603","","","","Instituto Virtual da Biodiversidade | BIOTA - FAPESP","Serial","","","","","","","","F"
"Neotropical Ichthyology","1679-6225","1982-0224","2003-09","1","1","","","","http://www.scielo.br/scielo.php?script=sci_issues&pid=1679-6225&lng=en","","1679-6225","","","","Sociedade Brasileira de Ictiologia","Serial","","","","","","","","F"
"RBRH","","2318-0331","2016-03","21","1","","","","http://www.scielo.br/scielo.php?script=sci_issues&pid=2318-0331&lng=en","","2318-0331","","","","Associação Brasileira de Recursos Hídricos","Serial","","","","","","","","F"
"Revista Brasileira de Ensino de Física","1806-1117","1806-9126","2001-06","23","2","","","","http://www.scielo.br/scielo.php?script=sci_issues&pid=1806-1117&lng=en","","1806-1117","","","","Sociedade Brasileira de Física","Serial","","","","","","","","F"
"Revista Gaúcha de Enfermagem","","1983-1447","2009-12","30","4","","","","http://www.scielo.br/scielo.php?script=sci_issues&pid=1983-1447&lng=en","","1983-1447","","","","Universidade Federal do Rio Grande do Sul. Escola de Enfermagem","Serial","","","","","","","","F"
"Zoologia (Curitiba)","1984-4670","1984-4689","2009-03","26","1","","","","http://www.scielo.br/scielo.php?script=sci_issues&pid=1984-4670&lng=en","","1984-4670","","","","Sociedade Brasileira de Zoologia","Serial","","","","","","","","F"
"Genetics and Molecular Biology","1415-4757","1678-4685","1998-03","21","1","","","","http://www.scielo.br/scielo.php?script=sci_issues&pid=1415-4757&lng=en","","1415-4757","","","","Sociedade Brasileira de Genética","Serial","","","","","","","","F"
"Vibrant: Virtual Brazilian Anthropology","","1809-4341","2011-06","8","1","","","","http://www.scielo.br/scielo.php?script=sci_issues&pid=1809-4341&lng=en","","1809-4341","","","","Associação Brasileira de Antropologia (ABA)","Serial","","","","","","","","F"
"Psico-USF","","2175-3563","2001-06","6","1","","","","http://www.scielo.br/scielo.php?script=sci_issues&pid=1413-8271&lng=en","","1413-8271","","","","Universidade de São Francisco, Programa de Pós-Graduação Stricto Sensu em Psicologia","Serial","","","","","","","","F"
"Psicologia Escolar e Educacional","","2175-3539","1996","1","1","","","","http://www.scielo.br/scielo.php?script=sci_issues&pid=1413-8557&lng=en","","1413-8557","","","","Associação Brasileira de Psicologia Escolar e Educacional (ABRAPEE)","Serial","","","","","","","","F"
"Ambiente Construído","","1678-8621","2010-03","10","1","","","","http://www.scielo.br/scielo.php?script=sci_issues&pid=1678-8621&lng=en","","1678-8621","","","","Associação Nacional de Tecnologia do Ambiente Construído - ANTAC","Serial","","","","","","","","F"
"História (São Paulo)","","1980-4369","2003","22","2","","","","http://www.scielo.br/scielo.php?script=sci_issues&pid=0101-9074&lng=en","","0101-9074","","","","Universidade Estadual Paulista Julio de Mesquita Filho","Serial","","","","","","","","F"
"Revista de Economia Contemporânea","1415-9848","1980-5527","2005-08","9","2","","","","http://www.scielo.br/scielo.php?script=sci_issues&pid=1415-9848&lng=en","","1415-9848","","","","Instituto de Economa da Universidade Federal do Rio de Janeiro","Serial","","","","","","","","F"
"Arquivos de Neuro-Psiquiatria","0004-282X","1678-4227","1943-06","1","1","","","","http://www.scielo.br/scielo.php?script=sci_issues&pid=0004-282X&lng=en","","0004-282X","","","","Academia Brasileira de Neurologia - ABNEURO","Serial","","","","","","","","F"
"Brazilian Journal of Physical Therapy","1413-3555","1809-9246","2006","10","1","2016-12","20","6","http://www.scielo.br/scielo.php?script=sci_issues&pid=1413-3555&lng=en","","1413-3555","","","","Associação Brasileira de Pesquisa e Pós-Graduação em Fisioterapia","Serial","","","","","","","","F"
"Summa Phytopathologica","0100-5405","1980-5454","2006-03","32","1","","","","http://www.scielo.br/scielo.php?script=sci_issues&pid=0100-5405&lng=en","","0100-5405","","","","Grupo Paulista de Fitopatologia","Serial","","","","","","","","F"
"Revista Brasileira de Educação Física e Esporte","1807-5509","1981-4690","2009-09","23","3","2016-12","30","4","http://www.scielo.br/scielo.php?script=sci_issues&pid=1807-5509&lng=en","","1807-5509","","","","Escola de Educação Física e Esporte da Universidade de São Paulo","Serial","","","","","","","","F"
"Per Musi","1517-7599","2317-6377","2008-12","","18","2016-12","","35","http://www.scielo.br/scielo.php?script=sci_issues&pid=1517-7599&lng=en","","1517-7599","","","","Escola de Música da UFMG","Serial","","","","","","","","F"
"Sociedade & Natureza","","1982-4513","2007-12","19","2","2016-12","28","3","http://www.scielo.br/scielo.php?script=sci_issues&pid=1982-4513&lng=en","","1982-4513","","","","Universidade Federal de Uberlândia, Instituto de Geografia, Programa de Pós-Graduação em Geografia","Serial","","","","","","","","F"
"Educar em Revista","0104-4060","1984-0411","1981-12","","1","","","","http://www.scielo.br/scielo.php?script=sci_issues&pid=0104-4060&lng=en","","0104-4060","","","","Setor de Educação da Universidade Federal do Paraná","Serial","","","","","","","","F"
"International Journal of Cardiovascular Sciences","2359-4802","2359-5647","2017-02","30","1","","","","http://www.scielo.br/scielo.php?script=sci_issues&pid=2359-5647&lng=en","","2359-5647","","","","Sociedade Brasileira de Cardiologia","Serial","","","","","","","","F"
"Psicologia & Sociedade","0102-7182","1807-0310","2002-06","14","1","","","","http://www.scielo.br/scielo.php?script=sci_issues&pid=0102-7182&lng=en","","0102-7182","","","","Associação Brasileira de Psicologia Social","Serial","","","","","","","","F"
"Pesquisa Agropecuária Brasileira","0100-204X","1678-3921","1999-01","34","1","","","","http://www.scielo.br/scielo.php?script=sci_issues&pid=0100-204X&lng=en","","0100-204X","","","","Embrapa Informação Tecnológica Pesquisa Agropecuária Brasileira","Serial","","","","","","","","F"
"Economia e Sociedade","0104-0618","1982-3533","2007-04","16","1","","","","http://www.scielo.br/scielo.php?script=sci_issues&pid=0104-0618&lng=en","","0104-0618","","","","Instituto de Economia da Universidade Estadual de Campinas","Serial","","","","","","","","F"
"Letras de Hoje","0101-3335","1984-7726","2016-12","51","4","","","","http://www.scielo.br/scielo.php?script=sci_issues&pid=1984-7726&lng=en","","1984-7726","","","","EDIPUCRS","Serial","","","","","","","","F"
"Brazilian Journal of Oral Sciences","1677-3217","1677-3225","2012-12","11","4","2015-12","14","4","http://www.scielo.br/scielo.php?script=sci_issues&pid=1677-3225&lng=en","","1677-3225","","","","Faculdade de Odontologia de Piracicaba - UNICAMP","Serial","","","","","","","","F"
"Food Science and Technology","0101-2061","1678-457X","1997-08","17","2","","","","http://www.scielo.br/scielo.php?script=sci_issues&pid=0101-2061&lng=en","","0101-2061","","","","Sociedade Brasileira de Ciência e Tecnologia de Alimentos","Serial","","","","","","","","F"
"Revista Direito e Práxis","","2179-8966","2017-03","8","1","","","","http://www.scielo.br/scielo.php?script=sci_issues&pid=2179-8966&lng=en","","2179-8966","","","","Universidade do Estado do Rio de Janeiro","Serial","","","","","","","","F"
"Fisioterapia e Pesquisa","","2316-9117","2008","15","1","","","","http://www.scielo.br/scielo.php?script=sci_issues&pid=1809-2950&lng=en","","1809-2950","","","","Universidade de São Paulo","Serial","","","","","","","","F"
"Cadernos Pagu","","1809-4449","2001","","16","","","","http://www.scielo.br/scielo.php?script=sci_issues&pid=0104-8333&lng=en","","0104-8333","","","","Núcleo de Estudos de Gênero - Pagu","Serial","","","","","","","","F"
"Revista de Saúde Pública","","1518-8787","1967-06","1","1","","","","http://www.scielo.br/scielo.php?script=sci_issues&pid=0034-8910&lng=en","","0034-8910","","","","Faculdade de Saúde Pública da Universidade de São Paulo","Serial","","","","","","","","F"
"Brazilian Journal of Political Economy","0101-3157","1809-4538","2005-04","25","2","","","","http://www.scielo.br/scielo.php?script=sci_issues&pid=0101-3157&lng=en","","0101-3157","","","","Editora 34","Serial","","","","","","","","F"
"Revista Latinoamericana de Psicopatologia Fundamental","1415-4714","1984-0381","1998-03","1","1","","","","http://www.scielo.br/scielo.php?script=sci_issues&pid=1415-4714&lng=en","","1415-4714","","","","Associação Universitária de Pesquisa em Psicopatologia Fundamental","Serial","","","","","","","","F"
"Estudos de Psicologia (Natal)","","1678-4669","1997-06","2","1","2016-12","21","4","http://www.scielo.br/scielo.php?script=sci_issues&pid=1413-294X&lng=en","","1413-294X","","","","Programa de Pós-graduação em Psicologia e do Programa de Pós-graduação em Psicobiologia, Universidade Federal do Rio Grande do Norte","Serial","","","","","","","","F"
"Ensaio Pesquisa em Educação em Ciências (Belo Horizonte)","1415-2150","1983-2117","1999-06","1","1","","","","http://www.scielo.br/scielo.php?script=sci_issues&pid=1983-2117&lng=en","","1983-2117","","","","Faculdade de Educação da Universidade Federal de Minas Gerais","Serial","","","","","","","","F"
"Bolema: Boletim de Educação Matemática","0103-636X","1980-4415","2012-04","26","42a","","","","http://www.scielo.br/scielo.php?script=sci_issues&pid=0103-636X&lng=en","","0103-636X","","","","UNESP - Universidade Estadual Paulista, Pró-Reitoria de Pesquisa Programa de Pós-Graduação em Educação Matemática","Serial","","","","","","","","F"
"Acta Ortopédica Brasileira","1413-7852","1809-4406","2000-06","8","2","","","","http://www.scielo.br/scielo.php?script=sci_issues&pid=1413-7852&lng=en","","1413-7852","","","","ATHA EDITORA","Serial","","","","","","","","F"
"Interface - Comunicação, Saúde, Educação","","1807-5762","1997-08","1","1","","","","http://www.scielo.br/scielo.php?script=sci_issues&pid=1414-3283&lng=en","","1414-3283","","","","UNESP","Serial","","","","","","","","F"
"Arquivos de Gastroenterologia","0004-2803","1678-4219","1999-12","36","4","","","","http://www.scielo.br/scielo.php?script=sci_issues&pid=0004-2803&lng=en","","0004-2803","","","","Instituto Brasileiro de Estudos e Pesquisas de Gastroenterologia - IBEPEGE; Colégio Brasileiro de Cirurgia Digestiva - CBCD; Sociedade Brasileira de Motilidade Digestiva e Neurogastroenterologia - SBMDN; Federação Brasileira de Gastroenterologia - FBG; Sociedade Brasileira de Hepatologia - SBH; Sociedade Brasileira de Endoscopia Digestiva - SOBED","Serial","","","","","","","","F"
"Horizontes Antropológicos","0104-7183","1806-9983","1997-11","3","7","","","","http://www.scielo.br/scielo.php?script=sci_issues&pid=0104-7183&lng=en","","0104-7183","","","","Programa de Pós-Graduação em Antropologia Social - IFCH-UFRGS","Serial","","","","","","","","F"
"Psicologia: Teoria e Pesquisa","0102-3772","1806-3446","1999-08","15","2","","","","http://www.scielo.br/scielo.php?script=sci_issues&pid=0102-3772&lng=en","","0102-3772","","","","Instituto de Psicologia, Universidade de Brasília","Serial","","","","","","","","F"
"Acta Scientiarum. Animal Sciences","1806-2636","1807-8672","2011-06","33","2","","","","http://www.scielo.br/scielo.php?script=sci_issues&pid=1807-8672&lng=en","","1807-8672","","","","Editora da Universidade Estadual de Maringá - EDUEM","Serial","","","","","","","","F"
"Brazilian Journal of Food Technology","","1981-6723","2011-09","14","3","","","","http://www.scielo.br/scielo.php?script=sci_issues&pid=1981-6723&lng=en","","1981-6723","","","","Instituto de Tecnologia de Alimentos - ITAL","Serial","","","","","","","","F"
"Revista Brasileira de Geriatria e Gerontologia","","1981-2256","2008-08","11","2","","","","http://www.scielo.br/scielo.php?script=sci_issues&pid=1809-9823&lng=en","","1809-9823","","","","Universidade do Estado do Rio Janeiro","Serial","","","","","","","","F"
"Rodriguésia","0370-6583","2175-7860","2009-03","60","1","","","","http://www.scielo.br/scielo.php?script=sci_issues&pid=2175-7860&lng=en","","2175-7860","","","","Instituto de Pesquisas Jardim Botânico do Rio de Janeiro","Serial","","","","","","","","F"
"Engenharia Sanitaria e Ambiental","1413-4152","1809-4457","2004-09","9","3","","","","http://www.scielo.br/scielo.php?script=sci_issues&pid=1413-4152&lng=en","","1413-4152","","","","Associação Brasileira de Engenharia Sanitária e Ambiental - ABES","Serial","","","","","","","","F"
"Revista Brasileira de Saúde Materno Infantil","","1806-9304","2001-08","1","2","","","","http://www.scielo.br/scielo.php?script=sci_issues&pid=1519-3829&lng=en","","1519-3829","","","","Instituto de Medicina Integral Prof. Fernando Figueira","Serial","","","","","","","","F"
"Cerâmica","0366-6913","1678-4553","1997-08","43","281-282","","","","http://www.scielo.br/scielo.php?script=sci_issues&pid=0366-6913&lng=en","","0366-6913","","","","Associação Brasileira de Cerâmica","Serial","","","","","","","","F"
"Revista Brasileira de Terapia Intensiva","0103-507X","1982-4335","2006-03","18","1","","","","http://www.scielo.br/scielo.php?script=sci_issues&pid=0103-507X&lng=en","","0103-507X","","","","Associação de Medicina Intensiva Brasileira - AMIB","Serial","","","","","","","","F"
"Journal of Aerospace Technology and Management","1984-9648","2175-9146","2009-06","1","1","","","","http://www.scielo.br/scielo.php?script=sci_issues&pid=2175-9146&lng=en","","2175-9146","","","","Departamento de Ciência e Tecnologia Aeroespacial","Serial","","","","","","","","F"
"Kriterion: Revista de Filosofia","0100-512X","1981-5336","2001-12","42","104","","","","http://www.scielo.br/scielo.php?script=sci_issues&pid=0100-512X&lng=en","","0100-512X","","","","Faculdade de Filosofia e Ciências Humanas da UFMG","Serial","","","","","","","","F"
"Alfa: Revista de Linguística (São José do Rio Preto)","0002-5216","1981-5794","2011-12","55","2","","","","http://www.scielo.br/scielo.php?script=sci_issues&pid=1981-5794&lng=en","","1981-5794","","","","Universidade Estadual Paulista Júlio de Mesquita Filho","Serial","","","","","","","","F"
"Alea: Estudos Neolatinos","1517-106X","1807-0299","2003-07","5","1","","","","http://www.scielo.br/scielo.php?script=sci_issues&pid=1517-106X&lng=en","","1517-106X","","","","Programa de Pos-Graduação em Letras Neolatinas, Faculdade de Letras -UFRJ","Serial","","","","","","","","F"
"Fractal: Revista de Psicologia","","1984-0292","2008-06","20","1","","","","http://www.scielo.br/scielo.php?script=sci_issues&pid=1984-0292&lng=en","","1984-0292","","","","Universidade Federal Fluminense, Departamento de Psicologia","Serial","","","","","","","","F"
"REMHU: Revista Interdisciplinar da Mobilidade Humana","1980-8585","2237-9843","2012-06","20","38","","","","http://www.scielo.br/scielo.php?script=sci_issues&pid=1980-8585&lng=en","","1980-8585","","","","Centro Scalabriniano de Estudos Migratórios","Serial","","","","","","","","F"
"Revista Brasileira de Gestão de Negócios","1983-0807","1806-4892","2014-09","16","52","","","","http://www.scielo.br/scielo.php?script=sci_issues&pid=1806-4892&lng=en","","1806-4892","","","","Fundação Escola de Comércio Álvares Penteado","Serial","","","","","","","","F"
"Polímeros","0104-1428","1678-5169","1997-03","7","1","","","","http://www.scielo.br/scielo.php?script=sci_issues&pid=0104-1428&lng=en","","0104-1428","","","","Associação Brasileira de Polímeros","Serial","","","","","","","","F"
"Nauplius","","2358-2936","2011-06","19","1","","","","http://www.scielo.br/scielo.php?script=sci_issues&pid=0104-6497&lng=en","","0104-6497","","","","Sociedade Brasileira de Carcinologia","Serial","","","","","","","","F"
"Floresta e Ambiente","1415-0980","2179-8087","2012-12","19","4","","","","http://www.scielo.br/scielo.php?script=sci_issues&pid=2179-8087&lng=en","","2179-8087","","","","Instituto de Florestas da Universidade Federal Rural do Rio de Janeiro","Serial","","","","","","","","F"
"Revista de Administração Pública","0034-7612","1982-3134","2006-02","40","1","","","","http://www.scielo.br/scielo.php?script=sci_issues&pid=0034-7612&lng=en","","0034-7612","","","","Fundação Getulio Vargas","Serial","","","","","","","","F"
"Anais da Academia Brasileira de Ciências","0001-3765","1678-2690","2000-03","72","1","","","","http://www.scielo.br/scielo.php?script=sci_issues&pid=0001-3765&lng=en","","0001-3765","","","","Academia Brasileira de Ciências","Serial","","","","","","","","F"
"Cadernos EBAPE.BR","","1679-3951","2003-08","1","1","","","","http://www.scielo.br/scielo.php?script=sci_issues&pid=1679-3951&lng=en","","1679-3951","","","","Fundação Getulio Vargas, Escola Brasileira de Administração Pública e de Empresas","Serial","","","","","","","","F"
"Jornal Brasileiro de Nefrologia","0101-2800","2175-8239","2009-09","31","3","","","","http://www.scielo.br/scielo.php?script=sci_issues&pid=0101-2800&lng=en","","0101-2800","","","","Sociedade Brasileira de Nefrologia","Serial","","","","","","","","F"
"Civitas - Revista de Ciências Sociais","1519-6089","1984-7289","","","","","","","http://www.scielo.br/scielo.php?script=sci_issues&pid=1519-6089&lng=en","","1519-6089","","","","Pontifícia Universidade Católica do Rio Grande do Sul","Serial","","","","","","","","F"
"Novos estudos CEBRAP","0101-3300","1980-5403","2005-07","","72","2015-03","","101","http://www.scielo.br/scielo.php?script=sci_issues&pid=0101-3300&lng=en","","0101-3300","","","","Centro Brasileiro de Análise e Planejamento","Serial","","","","","","","","F"
"Revista Brasileira de Estudos de População","0102-3098","1980-5519","2005-12","22","2","","","","http://www.scielo.br/scielo.php?script=sci_issues&pid=0102-3098&lng=en","","0102-3098","","","","Associação Brasileira de Estudos Populacionais","Serial","","","","","","","","F"
"Revista Brasileira de Política Internacional","","1983-3121","1997-06","40","1","","","","http://www.scielo.br/scielo.php?script=sci_issues&pid=0034-7329&lng=en","","0034-7329","","","","Instituto Brasileiro de Relações Internacionais","Serial","","","","","","","","F"
"Cadernos CEDES","0101-3262","1678-7110","1997-08","18","42","","","","http://www.scielo.br/scielo.php?script=sci_issues&pid=0101-3262&lng=en","","0101-3262","","","","Centro de Estudos Educação e Sociedade","Serial","","","","","","","","F"
"Revista Brasileira de Educação Médica","0100-5502","1981-5271","2006","30","2","","","","http://www.scielo.br/scielo.php?script=sci_issues&pid=0100-5502&lng=en","","0100-5502","","","","Associação Brasileira de Educação Médica","Serial","","","","","","","","F"
"Revista Bioética","1983-8042","1983-8034","2013-04","21","1","","","","http://www.scielo.br/scielo.php?script=sci_issues&pid=1983-8042&lng=en","","1983-8042","","","","Conselho Federal de Medicina","Serial","","","","","","","","F"
"Revista Brasileira de Psiquiatria","1516-4446","1809-452X","1999-03","21","1","","","","http://www.scielo.br/scielo.php?script=sci_issues&pid=1516-4446&lng=en","","1516-4446","","","","Associação Brasileira de Psiquiatria - ABP","Serial","","","","","","","","F"
"Sociologia & Antropologia","2236-7527","2238-3875","2011-06","1","1","","","","http://www.scielo.br/scielo.php?script=sci_issues&pid=2238-3875&lng=en","","2238-3875","","","","Universidade Federal do Rio de Janeiro","Serial","","","","","","","","F"
"Bragantia","0006-8705","1678-4499","1941","1","2","","","","http://www.scielo.br/scielo.php?script=sci_issues&pid=0006-8705&lng=en","","0006-8705","","","","Instituto Agronômico de Campinas","Serial","","","","","","","","F"
"Revista Brasileira de Fruticultura","0100-2945","1806-9967","2001-08","23","2","","","","http://www.scielo.br/scielo.php?script=sci_issues&pid=0100-2945&lng=en","","0100-2945","","","","Sociedade Brasileira de Fruticultura","Serial","","","","","","","","F"
"Journal of Applied Oral Science","1678-7757","1678-7765","2003-03","11","1","","","","http://www.scielo.br/scielo.php?script=sci_issues&pid=1678-7757&lng=en","","1678-7757","","","","Faculdade De Odontologia De Bauru - USP","Serial","","","","","","","","F"
"ARS (São Paulo)","1678-5320","2178-0447","2003","1","1","","","","http://www.scielo.br/scielo.php?script=sci_issues&pid=1678-5320&lng=en","","1678-5320","","","","Escola de Comunicações e Artes da Universidade de São Paulo","Serial","","","","","","","","F"
"Revista Brasileira de Educação","1413-2478","1809-449X","2000-08","","14","","","","http://www.scielo.br/scielo.php?script=sci_issues&pid=1413-2478&lng=en","","1413-2478","","","","ANPEd - Associação Nacional de Pós-Graduação e Pesquisa em Educação","Serial","","","","","","","","F"
"Hoehnea","0073-2877","2236-8906","2007","34","2","","","","http://www.scielo.br/scielo.php?script=sci_issues&pid=2236-8906&lng=en","","2236-8906","","","","Instituto de Botânica","Serial","","","","","","","","F"
"Revista Estudos Feministas","0104-026X","1806-9584","2001","9","2","","","","http://www.scielo.br/scielo.php?script=sci_issues&pid=0104-026X&lng=en","","0104-026X","","","","Centro de Filosofia e Ciências Humanas e Centro de Comunicação e Expressão da Universidade Federal de Santa Catarina","Serial","","","","","","","","F"
"Trends in Psychology","2358-1883","","","","","","","","http://www.scielo.br/scielo.php?script=sci_issues&pid=2358-1883&lng=en","","2358-1883","","","","Sociedade Brasileira de Psicologia","Serial","","","","","","","","F"
"Educação em Revista","0102-4698","1982-6621","2006-12","","44","","","","http://www.scielo.br/scielo.php?script=sci_issues&pid=0102-4698&lng=en","","0102-4698","","","","Faculdade de Educação da Universidade Federal de Minas Gerais","Serial","","","","","","","","F"
"Epidemiologia e Serviços de Saúde","1679-4974","2237-9622","2014-03","23","1","","","","http://www.scielo.br/scielo.php?script=sci_issues&pid=2237-9622&lng=en","","2237-9622","","","","Secretaria de Vigilância em Saúde - Ministério da Saúde do Brasil","Serial","","","","","","","","F"
"Revista Ambiente & Água","","1980-993X","2012-03","7","1","","","","http://www.scielo.br/scielo.php?script=sci_issues&pid=1980-993X&lng=en","","1980-993X","","","","Instituto de Pesquisas Ambientais em Bacias Hidrográficas","Serial","","","","","","","","F"
"Papéis Avulsos de Zoologia","0031-1049","1807-0205","2002","42","5","","","","http://www.scielo.br/scielo.php?script=sci_issues&pid=0031-1049&lng=en","","0031-1049","","","","Museu de Zoologia da Universidade de São Paulo","Serial","","","","","","","","F"
"Revista Brasileira de Educação Especial","1413-6538","1980-5470","2005-08","11","2","","","","http://www.scielo.br/scielo.php?script=sci_issues&pid=1413-6538&lng=en","","1413-6538","","","","Associação Brasileira de Pesquisadores em Educação Especial - ABPEE","Serial","","","","","","","","F"
"Revista Brasileira de História","0102-0188","1806-9347","1997","17","34","","","","http://www.scielo.br/scielo.php?script=sci_issues&pid=0102-0188&lng=en","","0102-0188","","","","Associação Nacional de História - ANPUH","Serial","","","","","","","","F"
"Transinformação","","2318-0889","2000-06","12","1","","","","http://www.scielo.br/scielo.php?script=sci_issues&pid=0103-3786&lng=en","","0103-3786","","","","Pontifícia Universidade Católica de Campinas","Serial","","","","","","","","F"
"Acta Scientiarum. Agronomy","1679-9275","1807-8621","2008-03","30","1","","","","http://www.scielo.br/scielo.php?script=sci_issues&pid=1807-8621&lng=en","","1807-8621","","","","Editora da Universidade Estadual de Maringá - EDUEM","Serial","","","","","","","","F"
"Clinics","1807-5932","1980-5322","2005-02","60","1","","","","http://www.scielo.br/scielo.php?script=sci_issues&pid=1807-5932&lng=en","","1807-5932","","","","Faculdade de Medicina / USP","Serial","","","","","","","","F"
"Educação e Pesquisa","1517-9702","1678-4634","1999-06","25","1","","","","http://www.scielo.br/scielo.php?script=sci_issues&pid=1517-9702&lng=en","","1517-9702","","","","Faculdade de Educação da Universidade de São Paulo","Serial","","","","","","","","F"
"Memórias do Instituto Oswaldo Cruz","0074-0276","1678-8060","1909-04","1","1","","","","http://www.scielo.br/scielo.php?script=sci_issues&pid=0074-0276&lng=en","","0074-0276","","","","Instituto Oswaldo Cruz, Ministério da Saúde","Serial","","","","","","","","F"
